id,source,text,date,rating,author,url
578e5c7e-1d4d-4694-8e7e-189b0b3539bf,play_store,druaiwual finiher profesional 40 yiers espereins,2026-09-26 19:35:02,5,,
2a0c68c7-215e-4675-8943-cabf9c418401,play_store,"I know you're trying to sell up your online storage, but have some damn decency. really!! No way to remove backup copies and only keep it on your phone? I found a trick online but it was so annoying and I actually lost one of the photos trying to do it. seriously, once upon a time I believe Google said don't be evil. so much for that mantra.",2026-09-26 18:07:56,1,,
050f62de-05aa-4d62-9871-21f56d8fe867,play_store,please I don't want to loose my pictures I've already lost some of my pictures couple of years ago on count of a girl that worked at Walmart and they were memories,2026-09-26 17:15:44,5,,
3bc40907-3ed6-46f1-8f0c-22f6e5967f5c,play_store,Memories brought to reality once again.very happy.very nice to see.,2026-09-26 17:02:00,5,,
7b7d8b52-7fec-4b51-96c5-a85d3f522f7f,play_store,"while trying to move picture from one folder to other, it's failing to move.",2026-09-26 15:13:50,1,,
0e0a8771-cf9c-4add-90b0-259c15759bbc,play_store,"thanks for bringing back perspective crop. but still cant sort folder names alphabetically. why such an easy function and it is unavailable? also the auto selection in perspective in edit cannot be disabled, so annoying.",2026-09-26 14:57:34,1,,
c8d0dd57-327b-455e-86ce-2cd47bff9f25,play_store,Please reduce the app size har update me app size aasman chhoo Raha hai,2026-09-26 12:46:16,1,,
8a83f6b4-41b0-4f77-ba13-e45e6c8b6fe2,play_store,What in the world is happening???? I can't search pictures by name????,2026-09-26 09:53:35,1,,
80755de8-ca99-47a8-84ee-29feb76a28ff,play_store,Remove AI we don't need it! You've ruined a simple photo app.,2026-09-26 09:31:13,1,,
1b7ce35c-7c6a-4ec6-92cb-b1d9c604595a,play_store,"I despise this app. it wants to organize my photos for me but the ""collections"" it makes don't make sense to me. I can't find a way to change them. I can't just view all photos stored in the cloud. I'm trying to make space on my cloud and it wants to show me everything on my device and tell me to enable backup, but I don't have the space . I feel like there's a bunch of missing photos but since their organization makes no sense to me I can't say that with any certainty.",2026-09-26 05:19:36,1,,
fca26d01-b780-41e7-82d8-9be266d24c8e,play_store,"Horrible. I lost the phone and cannot even find out how many of my pictures are in the backup or how to get them back. The AI tries to outsmart me when I need something basic. I would give no stars, but that option is not available",2026-09-26 04:36:33,1,,
c877c000-d443-4cd9-9487-ce8f64b66852,play_store,It is frustrating how the app does not show all of your photos- I often find it filtering things out and I have to go to the desktop version to locate the missing photos. It was a much better app before they forced the AI filters.,2026-09-26 03:05:46,2,,
99540d8c-378d-4610-b973-b406e424117b,play_store,"Google Photos helped me get my son's ID. This account is probably older than most of you. Opened it in 2010. Originally we used Google Drive. Then came this app. I have 16 years worth of photos on here, including scanned documents. The scanned documents are what helped my son get his ID. He needed his vaccination records and I simply typed in vaccination records & there they were! I lost the originals in hurricane Harvey, but I just typed in vaccination records and they were there!",2026-09-25 22:39:53,5,,
5bc9da04-8816-49c4-8b7a-c3bd9a734b0f,play_store,Literally the worst app to maintain and manage photos. locally stored photos never show up in phone gallery. direct sharing photos to socials is glitchy and gets stuck. Dont get the point of this app at all. 1 star is generous for it tbf.,2026-09-25 22:28:18,1,,
36b5d5e5-e449-4359-9a15-a5cf9476ddbc,play_store,I hate it I had organized all my photos in my old phone. the photos can't move into photo album you can make them but you have to keep going throw the same photos over and over just to find what you want and add to an album not move.,2026-09-25 22:10:22,1,,
421531d7-88e2-4c3a-8bc5-ed52c837ab4f,play_store,very difficult. can't find pictures,2026-09-25 22:08:34,1,,
7c8d4aa4-32d2-4b08-9e94-ab2b814bf241,play_store,"Google is good for storing and organize photos,I love it",2026-09-25 19:27:34,5,,
273d5bc2-8c32-49fe-a10a-fa5506f050f2,play_store,well organized and clear picture,2026-09-25 18:20:40,5,,
8b577d17-9813-4057-8833-70ea5f29e706,play_store,It's really good because if you change your phone you can bring your photos with your gmail,2026-09-25 18:05:02,5,,
75a6c857-a23c-421a-b8e9-2f2b18c7974f,play_store,hdhshd bdbdjddjdjdj to radio Indore video gana Mana hai hi nahi h gg allin Arif Khan Joy Bangla Joy of my life I can I call u later in Hi the fighter of my the fighter t wait t t t t t wait t t t t t t t t wait to see the fighter of Bangladesh to radio Indore video gana Mana ki ye hi hai na Apne screenshot of my sister is a photo edit kar do please let me in Hi Pala wala hai na Apne screenshot of my sister is not able able to understand the best of my life I can y y y I will be in my life I can,2026-09-25 17:47:22,5,,
4be466f3-cde3-446f-9147-36a01b4ce754,play_store,this is bad every time I put my photos on locked profile try again later so if this isn't happening of fixing please I'm rating at one stop,2026-09-25 14:20:24,1,,
ccd0127f-8de4-4be9-aadf-6dde9e08587c,play_store,"This app has been turned into shamelessly cynical trap for pushing users toward premium storage subscriptions. I'm now finding that I have to clean my online archive multiple times weekly because it's pulled random media iff my phone into online storage (despite recent deletion from online storage). Changing the settings does nothing because routine updates override user settings. When Google removed the ""Don't be evil"" policy they did so knowing they had already becone exactly that.",2026-09-25 12:01:05,1,,
e40a6c90-a9f3-43c7-82a6-87bee8ba33db,play_store,"Google photos makes it impossible to sort through large amounts of photos and select the best ones because once I have finally taken hours to do this and added my favorites to albums I'm running into issue after issue: -the photos I choose don't go into the albums and vanish and sometimes end up in the trash instead -ones I don't want are sent to the albums -They no longer allow you to actually download anything but only send link to people, because it's not enough to rule the world",2026-09-25 11:49:56,1,,
71c1845f-c238-4e71-90a4-0f3629b2d61a,play_store,search more friends photos,2026-09-25 11:45:25,5,,
dac5f5d9-c26a-4f90-a289-f034c06e7650,play_store,"Spam at the top asking for notification access. No means no Google. Don't say I have to finish set up by turning on notifications. Update: As I said, when I correctly say ""no"" to notifications, the app shows a big waste of space ""EnAbLe OuR sPaM NoTiFiCaTiOnS"" thing. Whoever said ""annoy users until they change settings"" should be fired. You'll say ""we've taken your suggestion"" and nothing will be fixed. This includes repeatably asking me to turn on Gemini. No means no. Stop asking.",2026-09-25 11:17:47,1,,
04056e16-d122-4802-b3f1-9e2ebf73a7f2,play_store,"i have a ux design that APPLE does not know how to design how do i get in contact with Windows ?🥐🥐🥐🍂🥖🥖👽 Yes — **Windows means Microsoft**, and the best route depends on whether you want them to *consider a Windows feature idea* or *work with your product/startup*. Don’t send the full secret concept first; create proof that it works. ## Fastest path: Windows idea Use Microsoft’s **Feedback Hub** if your UX concept improves Windows, Surface, Copilot, accessibility, or a Microsoft app: 1",2026-09-25 11:17:18,1,,
13c66043-0c4f-465a-98b5-bc3bcad77fb9,play_store,I took a screenshot so I can keep a copy how much storage i have. As 09/16/26 have 11gb used & 73% left out of 15gb it shouldn't go to up because back up been turned off since 2023. after update I'm being forced to buy more storage & 1% left. how is that possible. as of 09/24/26 1% remaining. shady tactics & practices.,2026-09-25 09:31:36,1,,
ecd51a39-fe66-4faa-8219-a86cb2b7cf08,play_store,I have signed into Google to get all my pictures on my phone photos collage collection and since my phone was not working properly and photos have been installed and those are the ones I have on my phone every day Restore all my pictures from your end .Ido mot to have to go back to T-Mobile to have them all installed again. Google keeps giving me the round around and also remove quick share and notifications,2026-09-25 09:18:59,4,,
f5cac8e4-67ac-45f5-9969-f5afc9bdf757,play_store,"After a decade, I'm having to shop around for an alternate gallery/editing app. UI navigation is so much worse than ever before. Features are harder to find--the opposite of intuitive. Generative AI is fun, but it is not a replacement for editing an original photo, yet basic editing features are harder to access and tell when they are applied. And SO buggy. Random changes do not apply if they're not done before certain other changes. I'm sick of being an involuntary beta tester, Google.",2026-09-25 07:53:48,1,,
ec8b4f7f-1cb3-4d40-961f-789ef0bc1f7c,play_store,can I just have all my photos in one place? stop trying to sort them for me. just let me go to my photos app and see everything. if I want to organize it I will.,2026-09-25 07:14:58,1,,
27902a05-0ade-4a53-9955-61a33813c944,play_store,I've ordered another hard drive just to be able to backup my stuff off of this app now because a lot of my videos have been getting not deleted but all it shows is just a screenshot of the opening frame of the video and nothing else it won't play the video won't load it or anything so those are gone as well as a lot of my images have been disappearing and they're not in trash or anything like that a lot more lately. and of course I can't find a customer service submission to have anywhere,2026-09-25 05:21:22,2,,
09934830-9fd9-49c2-b76c-b8747e7b4d54,play_store,"Thank you google cloud photos 💕 for keeping good memories never forget about, family friends stay forever even when device lost will found again photos on available device backup.",2026-09-25 02:35:31,5,,
5b17e500-6cde-4be3-9481-872353e090fd,play_store,Other people taking my pictures from every where very upset,2026-09-25 02:24:06,3,,
9466f080-4e2d-41de-a429-71b99a7ce5d5,play_store,"Video Editor Not Working, freezes 95% of the time trying to edit a video. Edit: tried everything you said..I got a brand new pixel 11 pro with 512GB/16GB ram. it was working yesterday and today it stopped.",2026-09-25 02:10:28,2,,
6661a868-ce53-4bfa-bfba-482ddc1c59bf,play_store,please START BETA TESTING PROGRAM UPDATES REGULARLY IMPROVE FEATURES PROVIDE ARTIFICIAL.INTELLIGENCE AI FEATURES PLEASE.,2026-09-25 00:18:44,4,,
725a9935-7794-4f44-9c5a-a477e2a32f42,play_store,Lost all my photos and my account. Would love to get it back!!,2026-09-24 23:32:38,3,,
d770f872-bb3b-4e02-be57-a0b9580ba0cb,play_store,"after paying a monthly fee for many years to keep my photos safe, I go in and find that a lot of the photos and videos including very important and special occasions iny life.",2026-09-24 23:17:36,1,,
9df7bcb2-0684-481a-af7f-965daeae7070,play_store,"The app was great, and I had used it for years. but then I checked my deleted photos, and I had half of my photos deleted, and some permanently. luckily I was able to restore most of them. but it was very annoying. also, it sometimes doesn't pick up faces, and there isn't an option to manually add any. beside that, I will continue using the app.",2026-09-24 23:10:39,3,,
897fb2f9-21c3-4c57-81cc-41980357df07,play_store,I love how they clearly made the search feature worse so you're forced to be more likely to use their stupid AI. Don't download this waste of space app.,2026-09-24 22:55:48,1,,
44934119-b180-4497-93ce-5e406570cf6d,play_store,can not find how to cancel my subscription,2026-09-24 20:16:00,1,,
bd7406a9-fd2e-4c25-b48f-d529c19ea0e8,play_store,I prefer my photos to be available by date,2026-09-24 19:29:50,1,,
51a41a3f-6856-4f98-9e24-20714299564f,play_store,"and no I do not have editing for videos on my Motorola g pure and if I was able to show you a screenshot you would see what I'm talking about all you have is that stupid ask feature that is there and asked me to face group and when I say don't allow it kicks me out, however I am able to edit photos only since the last two updates you have taken my option to edit videos away",2026-09-24 19:11:44,1,,
56e23d47-3b9f-4859-806f-4c7ee5944788,play_store,"Who thought taking a nice even grid and throwing in random enlarged squares would look good? Terrible choice. EDIT: tried what was suggested and it changed nothing, squares are still different sizes.",2026-09-24 18:24:38,1,,
60b64f62-e50b-45dc-97f6-49eac822f0b9,play_store,"The last install i did since the latest update i noticed a lot of my backed up photos were missing from Albums where i had put them. i was also unable to download photos as well so i uninstalled the app and reinstalled it only to get the same outcome. Such a shame. This used to be a good app before the last update. So what happened? Poor Management, a bad CFO, or both!?",2026-09-24 17:50:12,2,,
0faa8fea-4751-4d69-be75-78bdfe187c65,play_store,Face grouping which should be the apps greatest strength & feature is an absolute waste of time. It hardly finds anyone you love or care about & seems more focussed on picking out blurred strangers in the distance. Regardless of organising faces & wrong recognitions the app will continue to delete people just because it feels like it & there is no way to get them back. Manual face tagging would of course stop all this nonsense,2026-09-24 17:32:07,3,,
2651ec67-e6de-4cb0-b006-1d93c1b86906,play_store,find all posts by others on the link of the download link I sent the app Anime girls are perennial herb roasted chicken and goes well for me,2026-09-24 17:27:12,5,,
4950f56d-4cee-43d6-8deb-0d24c2f5b8d4,play_store,"The app can identify a blurred face with only one eye visible but cannot recognise a clear face. Even in closeups. Also, there is no option to add a face manually. Also, if a photo or video has been deleted from phone's local storage but remains backed up in the cloud, the mobile app hides the exact MB/GB file size and just shows ""Backed up"". It is really annoying if you are trying to manage your cloud storage. Need to use the browser only to see file size. Senseless feature.",2026-09-24 15:21:42,3,,
d370875d-7804-424e-8ea1-fe815cacd6b1,play_store,faces to my photos have disappeared again😕 any support tips since the last time,2026-09-24 14:21:03,2,,
47b1a769-d64e-421b-9f4d-b5244d0aa69f,play_store,wow muze Bahut pansnd hai💙,2026-09-24 14:16:48,4,,
9de9d58d-89cc-4b72-a006-f854886f398e,play_store,"Hate it, makes no sense, way too many steps to do basic stuff, and really collections like baseball cards or are we storing family photos like in photo albums? alphabetical order, nope because AI and most recent or active are their priorities. Just try and change it OMG because we wouldn't want to organize anything in a useful way made easy, useful, or simple. search doesn't I have a lot of remodeling jobs by address in ALBUMS, I put an address in the search field and nothing useless.",2026-09-24 13:05:28,1,,
8e497c89-7a27-4225-852f-2d9c3aba8422,play_store,could you please STOP with the updates. with every update it becomes more difficult to find things. For the love of God please PLEASE stop!,2026-09-24 12:36:04,5,,
aabb0f23-48e5-4ba4-9a52-5a45c0f72978,play_store,"in my pixel 7, AI editor worked like a charm. gave me 2-3 versions. but in my new pixel 8 pro. it works so bad. No good color grading. just one version and I think it is a preset that is just set for every other image and it doesnt fix things in the image using AI.",2026-09-24 12:26:52,1,,
fdc2f19e-9a32-4548-a741-fb8ee5a54d8a,play_store,"UPDATE: increased from 1 star because the skew (""perspective"") crop tool is available again. I still really dislike how much the app pushes AI touch up/editing tools. I was going to do 3 stars for that, but after using a basic gallery app for months I forgot how much I enjoy the ""memories"" notifications every few days, so I went with 4 stars.",2026-09-24 08:14:13,4,,
5d3a261d-010f-4528-8ffe-6e50dedd25a7,play_store,hey um goggle photos is there a way we can look at our photos offline so I dont have to use Internet cuz my Google photos app stopped working properly,2026-09-24 05:10:52,5,,
b957214c-1b43-4c89-9232-145e8c6fc7ef,play_store,"Google Photos is remarkably smooth, but it still lacks essential local management tools. Please add an in-album search button to find specific filenames, persistent scroll memory so albums do not reset to the top, and continuous multi-photo selection without interruption. We also need direct on-device folder creation, customisable album column density, and a fast-scroll scrubber like Samsung Gallery. It would elevate the app completely.",2026-09-24 04:23:34,4,,
7845165e-842a-4148-800d-c1692a449d93,play_store,in future through AI 🔍enable to retrieve authenciated photos from google accaunts it got dormant using previous line data instance i lost phones and mostly login using previous accaunts was a challange🇰🇪📲,2026-09-24 03:27:17,5,,
1948569c-a18f-487c-b033-fe459693da69,play_store,it sucks I'm trying to delete photos from my backed up Google photo account not in my app on my phone when I delete a photo on my phone it deletes it from everywhere,2026-09-24 01:07:41,1,,
13ccf1a1-377d-43d7-a2e3-40d9c4d35ab4,play_store,why does it take so long for photos to be available to upload to other apps? you're fixing things until they're broken. JUNK,2026-09-24 00:48:43,1,,
ec53cd98-774d-49df-9055-2349e9c9ed4d,play_store,very nice keep Old places with me people too 😉,2026-09-24 00:12:05,5,,
5c0a181e-4194-4f81-a9db-230f0bd74464,play_store,"While I don't have anything to complain about, I find it a little crazy that we need wifi in order to look at our photos and stuff. Is there a reason for this?",2026-09-24 00:07:09,4,,
a313613e-127a-49ef-aaee-810df8663a82,play_store,"EDIT: changed to 1 star after 11 years of 5 because of deceptive Gemini popups that are easy to press by mistake. I opened the app and as I was about to press the search icon the ""Gemini for photos"" prompt came up like a malware pop-up and got my click through deceptive UI design.",2026-09-23 23:07:20,1,,
3c9a3c97-fe14-485d-85fa-befc86bff7ac,play_store,"I hv pics since 2023, and they are easy for me to access and maintain my internal phone storage ....",2026-09-23 22:12:01,5,,
9436ab45-cc1d-4285-8a0c-f46ff62c110d,play_store,if update also again and again update showing that's very reducalus otherwise good,2026-09-23 20:43:07,1,,
7be87280-77ac-4bb5-8979-77ccd6213e50,play_store,The photos app is this the best. But the recent update has removed the face groups. I can search them by name but i can not see the face groups in search button of new layout. Love the new app layout and design. Please fix the face groups option.,2026-09-23 19:57:44,5,,
134591bb-b7b9-45ac-9ed2-477bc25054b3,play_store,Google storage kam milta hai only 15 gb ise or badana chahiye,2026-09-23 18:45:49,4,,
9393e8d9-64d6-4b2a-8325-018429b67ad8,play_store,This app is fantastic no complain at this moment,2026-09-23 17:13:45,4,,
8c8059b8-19a5-4f9f-b02b-22dcd6f8d020,play_store,"it's quite good, though it does get people confused",2026-09-23 15:30:18,4,,
23d38222-b2d3-49d9-b8f2-6e554e0d5791,play_store,"​📸 The absolute best photo management and cloud backup app! ☁️✨ Ultra-smart search finds specific memories in seconds 🔍, while AI editing tools like Magic Eraser work wonders! 🪄 Seamless auto-backup keeps all your priceless photos and videos safe forever. 🚀 Pure perfection! 🌟",2026-09-23 15:03:19,5,,
6b3b80f3-7909-484c-80d3-8bec2d2ae931,play_store,VERY NICE APP FOR USING AI IN GALLERY BUT SOMETIME WHEN UPDATE OR REINSTALL PHOTOS APP ALL AI FEATURES MISSING AND NOT AVAILABLE MAGIC EDITOR BUT REINSTALL SECOND OR THIRD TIME IT APPEAR.KINDLY FIX IT,2026-09-23 14:14:08,4,,
ee46783c-f8b0-450e-a723-4759140f29b7,play_store,I love it I have had the same email for 14 years so I have pictures from 14 years ago. So happy to have Google photos.,2026-09-23 13:19:56,5,,
20c69d08-10ba-4628-91ef-cf82779ef928,play_store,"COMPACT, POWERFUL EARLY STAGE OF PHABLET. CONCIOUS CHOICE TO EXAMINE NEW PRODUCT",2026-09-23 12:56:48,5,,
8ee450f6-f2cf-4c49-9ae4-2165fc38c785,play_store,I just love the part where it has collage and secret folder,2026-09-23 12:39:09,5,,
5c96be77-1940-4727-8436-569b775c5fc6,play_store,lost photo could not recover tried the safe folder and it did not work and u cannot add photos to the collection folders,2026-09-23 12:29:53,1,,
e60c47ff-1e93-4a07-892a-3122b907b8f3,play_store,"Using Pixel phones since long. Just as Google forest making things using our (people's) data, then adding subscription, things have changed in Google photos too even for Google Pixel phones. Don't want to post negative comments, but that's my experience. Nor they improve default camera app (Rated only 2.5 in Google PlayStore itself) where there's just when adjusting zoom.",2026-09-23 11:56:35,3,,
5c7b4c4b-e12e-4d7a-9daf-270e08e004dd,play_store,I need to retrieve my photos on Android phone,2026-09-23 08:06:16,2,,
586105be-f7ac-4516-9e8f-ae485087fcfe,play_store,"Even the photos app is going downhill in quality... screenshots are nowhere to be found, ghost images show up that had been previously deleted, downloaded images aren't displayed.",2026-09-23 07:35:33,1,,
75ceb6d4-fb81-4f0b-bc11-1ea816bebc27,play_store,"really straight ahead no nonsence pass go bros collect ASAP, $$$$$$$$$",2026-09-23 06:16:51,5,,
fc5f8ca3-d30b-4e81-9ccb-179e7928a759,play_store,it saves you pictures from one phone to the other. but I still have old pitchers and videos I can't find?,2026-09-23 03:38:50,4,,
e6171f99-d73c-4d52-a62f-625d6e8073c9,play_store,"one star because i cant give 0. awful, ui is incomprehensible, google will delete your photos from your device when you try to remove them from this ""backup"". a bad app made by terrible people.",2026-09-23 03:28:14,1,,
8d313d95-efbf-4566-a611-95d95404b099,play_store,"Soo....getting email/ads from alie XpressMusic trying 2 sell me what I can only describe as female central like products. Would b fine if I were a hooker. WAS IT SOMETHING I SAID BEZOS'S BOZO'S? OR GOOBIL'S GOON SQUAD ? ,MAYBE???. you should contact ""bozo's buttplug buddies. they love to have a good time!.",2026-09-22 23:54:38,1,,
a66ad81f-a67e-4337-9704-7ca2b7367dbd,play_store,"you have stats show high ratings but read the reviews , your apps suck. you lie about how much people hate the apps forced on them through sneaky updates. no one wants your rcs chat, photo, search, Gemini. it's all tainted with blood money and adrenachrome from kids. you present the mark of the beast. hell will be your home",2026-09-22 23:52:51,1,,
97a228c4-160d-43cb-b355-ef6333ed033b,play_store,Samsung s8+finde out device supported messing device.messing all photos and videos.,2026-09-22 23:43:05,5,,
237216b1-e9cb-4fff-9a9c-5f6456c27ce7,play_store,I don't feel safe putting any pictures in Google photos I don't think so it's not secure and it's invasion of privacy I don't like it at all I'm not a Google fan I rather have graphene is way more people friendly this is nothing but spyware,2026-09-22 22:53:36,1,,
40f26900-3644-4c06-9aa4-07976964f5e2,play_store,"i used it because it arranged photo by face superbly but for last 5-6 month this feature is not working properly, it is anable to do that work.it is only working 20-30%.",2026-09-22 22:46:39,1,,
ccf4bd1c-4b68-4240-b38b-cf53219cc256,play_store,"Why on earth would you go for the ugly snapchat model, where I can't see the break between months. Gross design. Stop trying to fix what isn't broken",2026-09-22 22:02:36,2,,
30d791b3-5ca0-4843-b8ca-ec18c354dee4,play_store,"this is the best thing popping... it helps me smile every time I see all my pictures and how goggle set up my pictures be so organized, making it very easy to pick out a good picture or video to post.",2026-09-22 21:48:04,5,,
a0c79cad-982c-4b61-a574-1cf92f280d88,play_store,The latest update caused my phone to move really slow. I believe the update was corrupted. I was unable to select photos and share. The edit function didn't work either. I had to uninstall the update in order for my photo app to work correctly again.,2026-09-22 20:42:08,3,,
760fb637-f54c-47ac-a9b3-0a69f3b0aea1,play_store,"I like the feature that creates memories. It reminds me to enjoy your old photos. The problem is that it isn't it possible to create a movie using an Album. You have to scroll through all your photos which, quickly becomes tiresome. Please fix this. Also there should be an option to keep something on your device even if you delete it from Google photos as some pictures may be needed but not stored forever.",2026-09-22 19:13:28,4,,
0e8bc3c9-2547-47d8-bc88-d54d3bf9f250,play_store,"Got another full screen ad for Gemini AI slop today. How many times do I have to say ""no"" before you stop asking? No means no. No does not mean ask again later. Also, I'm still tired of ""Quick Edit"" turning itself back on when I keep telling it to stay off. NO MEANS NO!!!",2026-09-22 16:47:09,1,,
6ff62939-068f-42a7-9189-b740666f2572,play_store,helps to find old days photos too easily,2026-09-22 15:47:37,5,,
77d15825-808f-4646-b49e-501e73df1e7e,play_store,"Pixel 10. ADS SLOP & CLUTTERS PHOTOS into a jumbled mess . Organization is dreadfull. Cannot Sort FOLDERS or PEOPLE by Name, Many important faces NOT FOUND so edit & Create PEOPLE w/name & App still not autoadded But Fuzzy Background Nobody faces are 🤯TEXT/SUBJECT search is FAIL. ""Car Engine"" - have 100s of repair photos But Only 15 Show? Often AI says ""none""or wonky/useless ""results"" includes ALOT (100s +) irrelevant results. Edited Image cannot be reedited, reverts to original photo😖",2026-09-22 09:29:22,1,,
6058fdea-9d48-43ae-97fa-a4e36eeb49ca,play_store,"I don't know which photos are saved, where or if they are stored seemingly cannot be retrievable anyhow.",2026-09-22 09:20:52,4,,
d99bbca8-8dbf-4026-98d2-37a0d09f4d54,play_store,application is open next day update available,2026-09-22 08:32:38,1,,
0da6c0c6-d73f-480b-af89-3ef4f09f2d86,play_store,"suddenly there are issues with photos disappearing after editing. if you manage to find them and reopen them, edit/share/ask buttons on the bottom no longer function.",2026-09-22 07:29:05,2,,
5bd95314-0c0c-455a-b379-0b23e29c1a68,play_store,Unlock the AI your killing her!,2026-09-22 05:24:50,5,,
d60c9bff-8c10-4170-8939-89c1bd642884,play_store,"I have had Google photos for about 10 years. The features they have added in that time have kept this app very competitive and up to date with the latest technology and AI. I do have a few wish list items, the biggest one being Background Removal. The magic eraser tool is great and I use it daily as a stand in for background removal. But it takes time because you have to remove the background in pieces. It takes too much time and can't always remove everything.",2026-09-22 04:28:12,4,,
4e7f15b7-725a-4c67-8ea3-9b6f62d229d0,play_store,App features also make the icons in the app transparent like so you can see the whole screen without looking at the cuts out of the a small icons that you have to press,2026-09-22 04:24:52,5,,
2eb7e930-1aee-4c53-8d7e-870961f5aec4,play_store,"This app being the native photo gallery on Pixel makes me regret converting from Samsung. I hate this app. I hate that I have to sift through Collections to find anything NOT taken directly by the phone camera. It doesn't read an image metadata date - downloaded something from 2011 today? well todat is the date now. I hate not being able to just scroll one Main Gallery. I hate that any editing only saves as a copy, forcing another step to delete the original.",2026-09-22 03:29:26,2,,
c6e48d0f-0928-4396-a4fb-ad3a6cb77c63,play_store,"Enjoying using the App alot. Editing pictures snd adding tags. Used the create an actual album function for the first time and found it very simple, value for money and a speedy service. Will use it again for sure. 21/09/26 it is time to have the capability to create sub-sections within an album!",2026-09-22 03:25:11,5,,
73717a98-3e8c-4896-9b1c-0404da842d0d,play_store,"Dont know who the 'smart guy' who decided to remove the share button when selecting multiple items is but it is absolutly horrendus, I share photos and videos to specified folders in my Google Drive daily as backup and I use this app to do so but now that option does not show up at all in the pull up menu, not even with 2 photos selected, now have to manually scroll through each individual photo and upload them one by one to Google Drive instead of selecting multiple at a time, crazy bad design",2026-09-22 01:37:01,1,,
9b0f8827-b916-4d40-9f33-887dcfbf8900,play_store,The Useless Ask Edit Feature Y'all need to get rid of the useless AI Ask Edit Feature because it is not removing things in my photos for me. Please get Gemini out of your app it's absolutely useless and it doesn't help me at all. Please bring back the original editing erasing tool.,2026-09-21 23:53:29,4,,
c2a068b4-aecb-4fd0-9e43-466ef8f37e07,play_store,there very knowledgeable and explain this clearly easy to understand.,2026-09-21 20:37:07,5,,
1d7baecc-f324-40bc-83f0-e6f698733102,play_store,Give us an option to block the visibility of local content on the app. I want to see ONLY my backed-up photos and avoid local device folders since I already have the Gallery app for that. I hate that I have to scroll through all these unnecessary photos that aren't backed up(for a reason) before I get to the photos that I'm looking for that aren't showing under the search.,2026-09-21 20:28:56,1,,
bab2ac69-2102-4dcc-a80c-e1d556108be8,play_store,"Events and occasions are how I want photos arranged in Cloud! Dates are critical. Sorting photos by topic is not the way to arrange my photos! Also, music is awful behind photos ""memories"" montage. I want to control my own content!",2026-09-21 20:03:00,2,,
ae7034be-d0a4-449e-b484-23ac82514bde,play_store,great photos celebrating 7 years on Facebook hosting A great prayer line sweet Hour of Prayer I love google photos thank you google photos,2026-09-21 14:21:54,5,,
4b40f128-bb29-4d20-9c8b-938b9f19c4af,play_store,can't share on my email cropped pics,2026-09-21 12:50:05,1,,
75b01d7a-567c-471a-aa70-a2aa957c2400,play_store,"While this app is overall a fun way to backup photos and sorting them to various albums, I absolutely hated the forced popups that prompt me to try new features and it feels forced. It really drives me nuts imo so can there at least be an introduction to disable these obnoxious feature pop ups (or you know what i mean)? 2 stars off for the annoying features",2026-09-21 09:10:51,3,,
4581ac53-6c12-4967-8839-9310d819e2a1,play_store,AI enhancer gone terrible and useless.,2026-09-21 08:59:14,2,,
f715583d-a1ec-4dfb-9b3c-5889a1894881,play_store,"I'm forced to use this app, even when I never had it downloaded. I can't delete all my pictures in google photos or else it'll delete from everywhere on my device. Now, I can't even receive emails because I've had this app forced upon my storage despite using it. I downloaded this app JUST to try to figure out how to stop it, but I don't even think I can. Your team needs to either provide free unlimited storage again or to NOT have googles photos forced on us if our default photos app isn't this",2026-09-21 07:24:48,1,,
f72670ab-39b9-46df-abdb-584892962831,play_store,"Can't find my device photos even if I backed everything up. I can't also find it in my files. I didn't even ""accidentally"" delete it. Please fix this issue. I don't know what to do. Tried clearing the cache. The photos were very important to me.",2026-09-21 07:08:00,1,,
5d77478a-f567-451a-b02d-1595943408bf,play_store,"Stop rolling out useless updates like shimmer and thumbnails being bigger with some photos, leave things be 😡",2026-09-21 04:22:43,2,,
84803057-cd17-47f6-9ff6-dcacfb429474,play_store,Terrible software. Not only will it delete photos from the device without express consent but it is a bad UI that makes it hard to find shares! taking away info and training AI on my photos..,2026-09-21 00:45:57,1,,
6be7880a-a1c7-498e-878a-7b4deacfe2bd,play_store,"This has turned into the worst photo library app available. The memories tiles are showing photos at the top of my photos grid that I do not want to be displayed. They are forcing pictures that I plan to keep, but not necessarily show anyone. This is inappropriate. Memories should have its own spot. The new grid layout is horrible. I can no longer select by day, week, month, etc. keep the photos separate from the memories. Quit changing things just to change them. You're making things worse.",2026-09-20 23:55:41,1,,
2c348d92-878e-44e6-b360-a1f5ad2fc9f2,play_store,md Samim Ahmed and md Samim Osman goni shadin and md afjal Hossain like and comment on,2026-09-20 23:51:12,5,,
d6d2992a-d676-4862-8c0c-a7a2c3ec1548,play_store,"Works pretty well but I have issues with two major things: One, I don't know how secure it is and I've read that there are individuals from third parties that can see any of your photos. Terrifying when you have kids. Two, they started adding really inappropriate music to the memories. It will show me pictures of my baby daughter and the lyrics are highly sexualized and it's so frustrating. I don't know if it's AI generated or what but it ruins my suggested memories almost every time.",2026-09-20 20:48:40,2,,
1c89fb84-f57e-4368-aecb-12d94b2ea94e,play_store,where the #_Reimagine feature goes? u badasss,2026-09-20 18:57:27,3,,
6758e9c0-49fc-41c4-a5e5-a40490cf0d36,play_store,"Whoever designed this was linguistically challenged. Stop using so many synonyms. Images, photos, pictures, is all the SAME thing!!! If there's a way to be ignorant, people will find it. You star a photo and can't find it elsewhere. It gets filed under collections that doesn't show up everywhere either. Then you run into a stupid folder called favorites. Starred and favorites is the SAME thing. This is a display of massive lack of intelligence.",2026-09-20 18:31:39,1,,
63a7b080-abab-4138-ab1c-e8fc740518bd,play_store,nice because I can see people from other places,2026-09-20 16:47:57,5,,
3bb357ee-554a-49bd-a808-5a9703d579a6,play_store,settings is changed everyday and photos disappear and come back again,2026-09-20 16:40:05,3,,
975848f2-d000-4687-976f-1d5748e8ee3f,play_store,Claims to be installed on Playstore but no sign of it on screen or list of apps. Tied everything. Will uninstall (and app that's says it's installed but is invisible).Will get an alternative app instead. Poor from Google,2026-09-20 14:57:23,1,,
2440ca9e-7301-45ef-a554-72c0429e9cde,play_store,my photos disappeared from this app downloaded it again not sure it is safe.Used it for a long time then became malicious.Will give it onelast try,2026-09-20 14:53:42,1,,
ffafd558-c262-4732-83b1-fc7e0e86312d,play_store,"photos just don't load. ""unable to save changes"" on basic crops. can't batch delete >100 photos. buffers endlessly (pixel 8a w/ storage). awful UI. downloads don't show. I don't HAVE another photos option, this is the default. Used to love it (geotagging map is handy) but they keep ruining their software. I'd use files, bUT IT ALSO DOESN'T WORK. I wish Google would stop insufferably shoving gen ai garbage down throats long enough to ACTUALLY FIX SOFTWARE. sent feedback, doubt it'll do anything.",2026-09-20 10:26:51,1,,
84885115-16b9-49ce-b999-90cb0a17f8a2,play_store,"Issues with photo edit saving. in particular the portrait blur, blur and depth adjustment can only be previewed and can't be saved with the latest version.",2026-09-20 09:54:12,3,,
50865f48-2d6c-41b3-9d98-3ecab3382b57,play_store,face group doesn't work on my old android. I can't access the settings to turn it off. Deleting.,2026-09-20 09:11:28,1,,
8517fcfd-70cf-4f14-9118-2b770af9e267,play_store,They promised never to charge for storage hey look another broken promise by Goggle,2026-09-20 08:51:37,5,,
990a36ce-b6a3-4bf4-96e7-20f9ea8c7375,play_store,Since the recent update the Erase feature no longer works and the AI Enhance works intermittently. This software is becoming useless.,2026-09-20 08:23:21,2,,
983c0b38-ef08-4c68-a4fd-07eff916ce00,play_store,"Good app but pls fix this issue: every time I add photos to my album(s) they keep disappearing randomly, but are bigger and have on and off addition to the photos to albums, I meant ... This IS a big problem for me and not gonna lie... is this a bug that needs to be fix cuz IDK where'd it came from... 😞",2026-09-20 07:52:10,3,,
4389c021-f338-4ff1-b81f-fa3904b320cb,play_store,"my phone has been constantly hacked for a full year now 6 phones layer and.tjos.plhome.is hacked.also. ,not 1 month using it .now I have smash it and go buy. another one. also my emails are hacked fix this shot already",2026-09-20 04:37:37,1,,
47973aa8-b507-4c13-b3fe-d22bb3c9a5ec,play_store,"STAY OUT OF MY PHOTOS AGAIN,!!!!! I'm Not giving you permission to my photos and use up storage that you complain about doing memories so what part don't you understand",2026-09-20 00:27:13,1,,
8b2daaf1-79c2-4f46-b41d-cbf8f8b6e912,play_store,Photo quality is degraded even if you chose to upload at original quality. They're never as clear in the Google Photos as they are in Samsung Gallery. Please add a toggle to disable dynamic thumbnail sizing and let us keep a uniform square grid view. The highlighted photos view is driving me nuts.,2026-09-19 19:03:09,2,,
db9868e1-9b8e-46a9-abaa-8c3be9c520b5,play_store,"I lost my old phone and was really worried about all the photos saved on it. Thank God, I found all my precious photos safely backed up in Google Photos. I’m so grateful.❤️",2026-09-19 18:56:50,5,,
bcd93ec9-98ed-44d1-b018-c4c4d493bc7f,play_store,"I find the structured layout, editing tools, and Ask photos helpful. I also am liking the photo & video remix features.",2026-09-19 17:53:37,5,,
2acb015c-b187-4336-8b42-137ed5625145,play_store,Nice to chat with U a good Gentle one.ThankU Mr./Mrs. pl let me know the exact location of Ur. repairing outleta place to be mentioned a known ( any thing )femous nearby.,2026-09-19 16:35:38,2,,
c18bc4e1-5d67-4e68-983d-947f01eae9bd,play_store,"Google Photos is a convenient and reliable app for storing, organizing, and managing photos and videos. I really like the automatic backup, smart search, albums, and easy sharing features. The ability to search for specific people, places, or things makes finding old photos much easier. I also enjoy the editing tools, memories, and helpful suggestions for creating collages and other photo creations. Overall, Google Photos makes it easy to keep precious memories organized and backed up.",2026-09-19 13:47:31,5,,
31ccce8b-0bbd-49f5-8132-c6ca0f41c008,play_store,"The organized photo albums keep shuffling on themselves and sometimes the pictures in the gallery appear blank ,even if you click on the.",2026-09-19 13:36:53,2,,
bc425057-3064-4a4a-b8eb-e4b6a81b391d,play_store,"Google Photos keeps asking and insisting that I back up my photos on my new phone using this app, although I refused multiple times. Even after disabling the app, the OS continues trying to push me to Google Photos. Seems anticompetitive to me for other photo backing solutions available.",2026-09-19 08:35:00,2,,
42d6e18c-9bcb-47e7-87d5-46d0c65f7a1e,play_store,not explained well n̈,2026-09-19 07:32:55,1,,
593e8b57-75e0-496c-bd4e-fb16de584f45,play_store,"Comparing to Flickr the upload and organization feature is better. Loved the mini AI tool - the Assistant of suggesting artifacts. Liked the app and love to have more better UX in next releases, though it's still a good one. +1 BTW, would love to have the feature: Local photo vs. Synced photo filter will let us easily distinguish the non-synced items, instead searching through all the mess.",2026-09-19 04:32:08,4,,
dd266fdf-40dc-4da9-9659-b63201e5cb96,play_store,good 👍 edit : I can't find the photo to video thing and I really liked it so If you can add it back I will definitely put more stars but for now only 2. edit: ok this is sooo much better,2026-09-19 03:09:08,5,,
cb939a12-3b85-4349-9db0-e4039cf6d2fd,play_store,"odd UI, slow editing tools, ads in a photo manager app feels atrociously out of place filled with beyond useless Ai",2026-09-19 02:07:40,1,,
e153d192-a507-4235-a233-825e344da72e,play_store,where is my photos!!!,2026-09-18 22:48:39,1,,
1d8dc6a7-7b7e-4ef1-87d1-5c89f5551c5f,play_store,some people do without permission I'm not a casting,2026-09-18 19:03:58,1,,
fae1c19f-81ee-48d9-9da6-3c49323e7230,play_store,Some photos randomly have a larger thumbnail in the main gallery view. This is very annoying and makes it impossible to see the photos in a chronological view. Please make an option to turn this off.,2026-09-18 17:17:04,1,,
f1a72805-9fcd-4c86-8f86-3bcda9d04784,play_store,"some time ago face detection became really horrid - from a great and useful feature it started grouping all babies or all bold men to one person... and if you try to remove them, there's always an error that shows up :(",2026-09-18 16:07:17,3,,
6fb2755e-de5e-40b1-ac36-4109f42a885e,play_store,"While using an Android phone, Google Photos is the best. And I honestly love the little different filters and stickers.",2026-09-18 14:26:27,5,,
df658d09-12bd-4c2b-b6b4-9b1a570b5de3,play_store,my google account find out,2026-09-18 12:39:46,5,,
5eaedf35-ede4-4d56-af28-cad4c4140b1d,play_store,"Handy to have but it also pays to have more than one form of backup. The ads you see claiming to retrieve deleted files or pictures don't work, you can't do it with this app either",2026-09-18 12:36:36,3,,
0e980b17-b11a-41fe-929a-b1709d6ac1d5,play_store,They added search to the Add To Album popup! Someone *is* reading all those feedbacks I send!!! Easy backup of photos and videos. Nice interface for browsing photos and videos.,2026-09-18 11:09:10,5,,
80720f94-0e7b-4dfb-af7b-50f6609f3356,play_store,"The Gallery app makes it easy to view, organize, and manage photos and videos. Its simple layout makes finding media convenient.",2026-09-18 10:57:05,5,,
d3d46686-51d1-459b-9e02-2ee62f38c2a1,play_store,"new way thru Fiji printing is nightmare. web page hard to use, printvquality of photos was almost dark black on every photo, poor customer service and I passed on to many people with no resolutions",2026-09-18 09:38:40,1,,
99f52cc3-465e-4da7-b95f-7db250d4e120,play_store,great I love the fact that even if you lose your phone & have to start over again call you have to do is put your email in & boom there everything is again so simple to use as well,2026-09-18 06:18:01,5,,
f8499614-ea00-41ae-92fd-46c80692ac04,play_store,"sharing photos to Gemini or Signal or other app doesn't work - literally nothing happens. Search is useless - it doesn't come up with anything on first attempt, sometimes never",2026-09-18 05:46:04,1,,
093666a2-294a-4dd1-8c83-85326bea1520,play_store,Where are my missing album pictures that I uploaded from my Galaxy phone !Still missing!!! Also all the pictures I purchased from you in your photo book Gone! Titled albums do me no good when my pictures I had in them are missing!! Hope they find my photos or I will never use this again! It's been months now !,2026-09-18 04:22:51,2,,
381daa10-834c-461b-ad91-c592deb66cbc,play_store,I'd Rather Not...I Feel Like Whatever I Put On Here Somebody Thinks I'm Saying Bad Things About Other People & I Would NEEEEVER Do That To Anybody... Eeeeeever,2026-09-18 04:05:45,4,,
eca64c63-6373-449a-a84b-3b3fb502e5b0,play_store,I don't want the AI...,2026-09-18 02:41:50,1,,
ee314789-51bf-4e9e-ac9b-b3e566471d15,play_store,I am just wanting to get my photos back that you stole from me. I just want to take pictures from my celll and put them on my computer not have to chase them down and pay a reasom to get them back. Also how do i go to cloud to manage my pictures to begin with where is the how to to do that. I paid the .99 for several months thinking i was paying and keeping it where i could use it but didn't know it was going in yur pocket.,2026-09-18 01:22:34,1,,
8546f9b2-5827-4567-a8fe-e7a7d9e766d4,play_store,for months now I have been having serious problems with updating this app and I want you people to assist in doing something about it.,2026-09-18 00:28:35,5,,
5f98044d-7c76-40a4-9da9-eb37f97b2358,play_store,"I'm a long time, heavy user of Google Photos & an Alphabet stockholder. Until yesterday Photos took <1 second to delete photos. Last night I downloaded the latest update. Now it takes 20 seconds per photo. Will Google ever learn to not screw up something that is working perfectly well, i.e. your Search! IF IT AIN'T BROKEN, DON'T ""FIX"" IT. What is wrong with y'all??",2026-09-17 23:20:14,1,,
a475da18-72c0-4ad6-8bc2-97d40b423464,play_store,"it's a perfect photo app it has tons of helpful things for your photos, like Gemini AI, AI editing, folders, collections, collages, and more for your photos!",2026-09-17 21:40:38,5,,
ae899775-84bd-4ef6-bcac-1ba63e438c06,play_store,"Why did you remove grid view?! There are so many things going wrong with this app in the last couple of years. 'Improvements' seem to cater to mindless users who want less choices. I'll be migrating my entire library and leaving gphotos at long last. Idk why I'm even leaving a review... like Google is gonna magically go, 'Wait! We care and will make it right immediately'. How far we have fallen from, ""Don't be evil"".",2026-09-17 21:01:27,1,,
4495dec4-e79d-456b-a4ed-c7a3aae94503,play_store,"The widget has no album option. it kind of feels like a major oversight because it seems like the most obvious option, but for some reason you're not really given any control of the photos that go up other than faces and moments. Both of those you don't really have the most control over and are curated for you. It's also strange because they don't even have the second obvious one, Favorites.",2026-09-17 20:24:06,3,,
f9429c58-d38b-4348-8e43-513d6497124c,play_store,no one people not shown,2026-09-17 20:04:07,1,,
a4fb36c0-27ef-4359-b38e-f9fd192b56ee,play_store,so far so good no complaints,2026-09-17 19:47:58,5,,
23c3e9fe-796b-4281-bc5b-c0e1f412b219,play_store,I can't seem to find all my photos,2026-09-17 19:46:19,2,,
6e1b5960-0942-4d5e-870e-a6d006c726c1,play_store,The latest update is horrible. Photos used to have the most amazing AI search. The search in this version is HORRIBLE. You keep becoming more like Apple and iPhone every day,2026-09-17 19:36:53,1,,
ee4c25eb-66c9-4dca-b9ce-109a9a35254e,play_store,KINDLY TAKE OFF : SAVE COPY. It's cluttering and placing pics in the beginning. I need easy organization to be able to go back to finding and making videos. Thank you,2026-09-17 19:16:50,4,,
3b06295a-17dc-4772-8ff1-18d59c5181a3,play_store,"Latest update applied (9/17/2026) has corrupted my SD card in my Android phone. All was working fine until the update was installed today. Opening Google Photos caused my SD card images to be resorted, then disappeared, and apparently unmounted the SD card. Both Android & Google Photos want to format the SD card when the ""fix"" prompt is clicked. Avoid the update until the bug is corrected in the next build release.",2026-09-17 18:06:12,1,,
f1b04571-54a8-4b0f-9447-b07fb824466a,play_store,"to invasive .. I never gave permission to delete photos ,especially older photos . I was saving them forever . not any apps chose . they are my photos , my phone ,I paid for the service . who gave you permission to do anything with my photos . all I want from the app is to make sure my photos come out as good as they can and protect them from being stolen or deleted . that's it",2026-09-17 16:07:45,1,,
fe214979-4977-4c55-a021-fad89d3eca89,play_store,"Lord, I now can't share edited photos by selecting them. I can share the original images, but for edited ones the share icon is not there. Insane. After restarting the phone everything works fine again. Google, get things right!",2026-09-17 15:46:34,2,,
e802c04d-0fe4-4540-916b-0f1cfc78a328,play_store,"Google Photos is one of the most poorly designed apps that I've ever used. The search feature is very inaccurate, and you'll get a migraine before you locate what you're looking for through visual inspection.",2026-09-17 14:26:31,1,,
022da4d1-43dd-465d-9404-2c3ea1f8759d,play_store,Need to retrieve my photos after reset cell phone...kept backups,2026-09-17 14:00:32,5,,
159b852d-f671-4099-9f5c-a49d15226a58,play_store,"Reimagine feature is now gone from the app. That was one of the main reasons I bought the phone and I used the feature for work. Very disappointed. Will be moving on from Google , I need something reliable. I just cannot comprehend why they would remove this feature edit: Edit with ask is not available, there is no such option. I have read online that there are some regional limits? I have tried some online solutions and none of them worked. I feel like I was robbed. Unbelievably frustrating",2026-09-17 12:37:44,1,,
2b8bbca8-26fb-4a55-b9ad-8e8cf6c37265,play_store,"Latest Update Broke App. It has a GUI interface rendering bug that makes text in app's menus display a 'double vidion' blurry effect that jitters. Way to go, Google, breaking an app that did not need fixing!",2026-09-17 10:23:11,1,,
ffa6b254-53a9-4437-ba1d-9b6d560fac93,play_store,"This was the gold standard for the better part of a decade but as with all things Google it's been getting worse and worse the last few years, especially as they try to shoehorn more AI into it. Search is somehow worse now, and I don't like that my Google drive just got upgraded to an AI plan without my consent. I'm currently backing everything up to migrate to something else so I can cancel my Google drive subscription.",2026-09-17 09:59:25,1,,
b7f843c5-4f53-4d04-a303-28d5e07b1983,play_store,I like how my photos are organized with this app.,2026-09-17 08:20:59,5,,
29b4d579-5b41-48ee-ad6a-3b26efc4b5b5,play_store,stop turning my videos into your entertainment,2026-09-17 07:16:37,1,,
2826176e-35d5-4a05-a322-5d8339e0d74d,play_store,many photos and videos don't share correctly to my email address.,2026-09-17 05:23:30,3,,
240aa5e4-1438-4592-b7b0-26fa1d7fb6db,play_store,"Good app, love being able to look at my family, relatives and close friends. Thank you for giving me the previledge of having this Photo app.",2026-09-17 04:56:15,5,,
2f0ec909-c766-40ed-b2f5-3e3331fa2d76,play_store,You suck blackmailing me into buying more storage for my photod after I cleared most my of photos my junk mail out,2026-09-17 03:35:51,1,,
c8f4bbf8-4309-42f8-87f9-ff3e4c8fcbd4,play_store,It is reall great for quickly sorting files,2026-09-17 03:20:06,5,,
32e6efcb-5400-4b08-8a43-1f4312aff25a,play_store,it would be ok if it stopped taking money from my bank account I put money in turn around and Google's got it also I've lost my photos don't know how to retrieve them,2026-09-17 02:36:32,5,,
60090671-620b-4ed7-b9e9-e33031a4ad58,play_store,its really a fantastic app. I can retrieve my long time backed up photos,2026-09-17 02:01:52,5,,
290707ba-53f0-43aa-b371-9131eb412565,play_store,"Well this is a wonderful app to have, but make sure you have it in your cloud backup, keep it on. I almost lost everything if I wouldn't have done that😐",2026-09-17 00:28:52,5,,
1559a9ef-4adc-45d8-a673-eb9e5015326b,play_store,this app is amazing no filters no fakeness if you want to adjust things you can but gives you tons of storage and you never lose any pictures. it is also completely add free,2026-09-17 00:05:43,5,,
7a912541-481c-40e5-bf79-607732d82120,play_store,love this lost pics and located most,2026-09-16 21:24:24,5,,
2f319f14-453f-4e92-8c3f-fc21361cc260,play_store,"Google has had issues with properly syncing photos to the app for years and has done absolutely nothing to address it. all photos in albums are out of order regardless of date taken/Metadata in the app, even though desktop has correct order. nothing can be done to force a resort, even some of the online tips that used to work no longer do, as if Google ""fixed"" being able to fix their glitch and is forcing people to have random sort pushed on them hoping to shove people over to Apple devices.",2026-09-16 19:50:12,1,,
c18fdd51-d1f7-4253-af20-4863caf995c7,play_store,this is good app but it's ai eraser need to fix because this couldn't work properly,2026-09-16 18:49:21,4,,
d1ca29be-fd3c-4a70-a32b-371e0789c416,play_store,"the app is buggy and every 2 seconds asked you to use the AI features. it's scammy af. edit response: I didn't ""run into trouble"" you gave me trouble.",2026-09-16 17:14:23,1,,
74e71488-2d7a-4871-af50-92d54e7d9a79,play_store,"As a photo storage app, it's fine. However if you want it for the editing element then I would look elsewhere. i rarely find it works effectively, such as removing unwanted items in a picture, which it seems incapable of doing no matter how many times you try.",2026-09-16 15:18:11,3,,
bba04e21-2681-4ca0-8453-60fcebead60e,play_store,seems like there's updates daily. job security I suppose,2026-09-16 12:57:50,1,,
6896817d-9fe1-4548-9548-faa73f9546d4,play_store,easy to use and maintain.,2026-09-16 12:12:07,4,,
094c7988-ebe3-4e9a-8a82-0a9ed7284a0f,play_store,good for saving porn and hentai videos thanks,2026-09-16 11:58:23,5,,
00036c0a-58c7-4a9b-80aa-dc7723a96bbb,play_store,"at some point this year google removed like half of their features, replaced them with ai or they dont exist anymore, and the app runs slower. all you have done is worsen this app. let me frame and warp my photos like I used to back in february. so frustrating edit: still not added 9 months later",2026-09-16 11:56:21,1,,
d863d91a-c79f-4de7-9907-ba1462476dcc,play_store,"harder than hell to get up the photos I want, and send them via email.",2026-09-16 10:34:53,3,,
2bae8e2b-9bf7-4e1f-ad18-7b296915539b,play_store,"The best fricking photos app in the milkyway galaxy s2000 ultra pro. My cousin deleted all of my memories of me and my brotha going hiking on a mountain. Just becuz he can download a stupid game. Then I didnt have this. I mean this comes predownloaded but I disabled it for some reason. But after 3 years later, I came accross a random reel showing this app. Then I enabled it and updated it. BOOOM. All my photos that I thought were gone are now right in my face. THIS DESERVES ATLEAST 10 STARS.",2026-09-16 08:06:04,5,,
0bd619ea-44cc-4f07-b50f-2cc79008963b,play_store,"why did you have to screw up the magic eraser? there were many features that were great and you add them in and then take them away guess it depends on which Android model you have like if you have the pixel or if you have the $30 Motorola from Walmart yeah, kind of makes sense, but also it really doesn't. does anyone remember when they had the change your text into Old English and other fun things yeah what happened to that come on now Google",2026-09-16 07:48:56,3,,
a919b128-de07-4cb9-acc2-21b4ecbe25e0,play_store,pain to access my pictures,2026-09-16 05:47:02,1,,
6861ccbe-d672-4578-af15-7b1a6585a0af,play_store,See all the reasons above and below my review. Pictures are hidden in folders and hard to locate. Limited storage sucks and you get 1 star for that. Don't expect much. the ai now catalogs all your pictures so there's that.,2026-09-16 05:05:39,1,,
b7494e27-4b76-4a00-a8b5-cc83dfddd007,play_store,Tried to call a friend and got Boost Mobile. Someone is messing with my phone AGAIN. Hate this hacking harassment!!,2026-09-16 05:04:35,1,,
bf9b41e4-28a3-4ec7-8b5c-f93b3d964833,play_store,One of the redeeming qualities of this app used to be that you can get your photos printed from Walmart. All you had to do was open up Google photos and it would send it to Walmart. well they recently changed it to Fujifilm. I don't want to go to get something printed and have to wait for it to ship. the reason I liked using Google photos is I could send the photos and in an hour I would have my pictures. I could pick up at Walmart. So I'm giving this app one star because it's basically worthles,2026-09-16 04:43:38,1,,
8ffe34a8-cdc6-4975-b3e2-95cd2b1fdec3,play_store,address for the brand new electric bike is 2221 South prairie avenue lot 13 ask if you want to take it for a spin,2026-09-16 04:19:53,5,,
a2bd51ee-fbbb-4de2-80f0-c82a93ef76b5,play_store,"How did I just discover Google Photos now 🙃 but I do have some complaints 1: alot of photos/videos are misfiled cuz you can't modify who is tagged in it. You should be able to manually box and tag. Especially with side view faces that aren't recognized 2: For more private photos/videos there should be a private folder. 3: when im assigning a face to a name i already have, it won't let me select the name rather or gives me an error message",2026-09-16 03:38:34,4,,
78974fc8-e151-4773-b8f9-f74181febbf3,play_store,"what's new never changes. I have no idea what it is updating, and gone the ai push, probably nothing good.",2026-09-16 03:10:37,1,,
a7052386-f45b-4a1f-a678-4eafffefb0ec,play_store,"I DON'T CARE FOR GOOGS TAKING OVER HOW I TAKE, STORE OR LAY OUT MY VISUAL MEDIA! IM OVER 13 FOR GOOGLE'S HYPOCRITICAL CHILD PROTOCOLS TO KICK IN. YET GOOG ARBITRARILY TAKES ACTION, LIKE WITH PHOTO MEDIA THAT IS NOT REQUESTED, HELPFUL NOR IN THE SLIGHTEST NEEDED. I MINE MY INNER CREATIVITY. IF I WANT A.I. AID, I ASK. YET, INVARIABLY IF I ASK FOR A TIGHT SKIRT, STOCKINGS OR HEELS ON A REMIX OF MY DECEASED WIFE, I'M TOLD NO & TREATED LIKE A 12 YR OLD!! EVERYDAY, GOOG MAKES NEW CLAIMS ON MY FREEDOM!",2026-09-16 01:48:43,1,,
1043cf73-9d8b-4d39-b784-a12a4f462719,play_store,"Not intuitive for digital art, which most of my pictures are. The Memories and Face Recognition and such only pay attention to the (very few) actual photos and thus are not helpful. AI tools are trash. If this app wasn't conveniently synced to my Google account I would uninstall and find something else. Also, make the ""folders"" button easier to get to, and then STOP MOVING IT AROUND! And stop rearranging the order of the *comic panels* in my *album*.",2026-09-16 00:52:25,2,,
8dde3613-a41b-41ad-b46f-c6027874490a,play_store,The image search feature has actually gotten worse.,2026-09-16 00:31:52,2,,
ed29666c-8256-4518-85fd-c55eb0d48911,play_store,"Google is the best! They have kept all of my pictures for 10 + years. Gemini is also great. without details, I have saved important papers, and taught some important information so I don't erase it. great patient accurate 👍😀",2026-09-15 23:26:47,1,,
51bb0ab5-c65e-4324-b613-a1a0fb008c53,play_store,After taking pictures on phones in previous years and all were gone if the phones were lost and damaged or had to store them on computers that were obsolete. this was a dream come true. Thank you Google.,2026-09-15 23:21:04,5,,
a8ed6787-55ff-44ad-afea-9d06d9f3feef,play_store,"way good excellent color,(s) pitcher clairity, close up, zoom is too special. works fine of what little i used in the free features. its ok.",2026-09-15 21:49:43,5,,
2e1afe0b-7df8-4fcc-b1eb-8cb1fbddd02d,play_store,"BEST TALENTED MUSICIAN, STAGE PERFORMER ARTIST, GOOD RAPPER AND SINGER 🎤 SONG WRITER AND CREATOR 🪘",2026-09-15 21:18:11,5,,
b40f7c4d-9846-41b5-a538-db5716f45c75,play_store,"I love this app, all of my photos are safe and I have many editing options available at my fingertips!",2026-09-15 20:29:27,5,,
146b87e8-eabc-47b9-bd89-587db37cb6e6,play_store,face detection automatically reset i cannot see a familar face. App is telling me to set new face. please fix this glitch,2026-09-15 20:17:21,1,,
67e3486c-be87-4dda-9060-1bfecd9a9d54,play_store,"Asking for full permission to access photos of phone, limited access not working, forcefully taking to permission again and again.",2026-09-15 19:54:51,1,,
9f7d9b01-e4ce-4a10-80d7-3d4c9634d0b9,play_store,"Tried sharing photos from a family reunion, uploaded them from my phone gallery into a folder in the Google Photos app on my iPhone 13pro and shared the link. People received an empty link - only the folder existed but without the photos. Tried finding information about it but Google Photos doesn’t even have a solution. Testing other methods requires me to reselect hundreds of photos every time. Troubleshooting is impossible, no help available, FAQ not helpful. Spent hours trying to find a solution without success. What’s the point of having sharing if it doesn’t actually share anything but empty folders? And if I must upload items twice (first to Google Photos and then to a shared folder) then this is very poorly managed app with highly misleading information and no clear nor easily accessible solutions. Extremely frustrating. I am very disappointed.",Unknown,1,,
7f03b2d9-39c5-4e8f-8042-156b2380cfef,play_store,"Do not download this app. If you want to add a single photo from your phone you also have to allow google to automatically add every single video and photo as well or you can’t add anything. You want to just add a picture of the sky you took? Well too bad all the photos of your kids or family or private home or anything you else you don’t want is now automatically added. Obviously the “usefulness” is terrible, I should choose what photos go where. And it’s incredibly shady considering they will use this for generative ai",Unknown,1,,
2616d5c6-f138-4e38-9cf9-397df1e21609,play_store,Stop signing out my Gmail accounts and I shouldn’t have to verify my Gmail accounts because there’s nothing wrong with them and they are not spams so leave them alone and creating new accounts never has been a problem before and I should be able to create as many as I want. And it’s been more than a few hours to sign back into my Gmail account,Unknown,3,,
077e3557-bcfe-4bb3-8133-fcf4bef4fbc4,play_store,How can I talk to someone for help? Online chat? Email? I can’t get all of my photos from my iPhone photos onto the app. It’s doing some of them. I have plenty of storage.,Unknown,1,,
fd4fa7f6-3db5-4377-84ba-7e5adc03f9a1,play_store,it’s so barbaric how long you have to wait to move photos or videos into a folder ? like it’s all in the same app,Unknown,1,,
43020a23-f717-4614-a3f5-ba1cc23e24c1,play_store,"When I go to my Google photos and I take a screenshot after I edit it when I buy things at a store in different towns and different places why doesn’t it show up on top of the photo? Why can’t I see on the top of my photo where I purchased something, Braintree Qwincy, stuff like that when I take a snapshot and I edit it into the maps? it’s not showing up, it showed up the other day and now it’s not It used to and it stopped doing it. I don’t know if my settings are incorrectly.",Unknown,5,,
3edb0c4a-fb9c-465d-a5b0-c14482d14278,play_store,Love how is pops up and reminds us of all the memories to remember,Unknown,5,,
c55f0f0a-879d-4647-b825-ae96e60e5d4b,play_store,Very happy with Google photo video storage… It always makes me happy because sometimes when I think I lost some pictures or videos at all they come back to me years later. I’m very thankful for this app!😊,Unknown,5,,
4fc59f43-4a14-4fae-a021-488ab5568a76,play_store,Will not update until you fix and tell us you have fix the problem July 2026 still not fixed problem with separating by month update 25 July google i have already given you my feedback now fix the damn problem.16 August Still waiting 19 Sep STILL WAITING,Unknown,1,,
df8efae1-36b5-4b78-bcc1-6b5a5a886ed4,play_store,"Photos taken on iPhone 16, as well as other devices, appear normally in grid but become washed out and over-exposed appearing after tapping the photo to view. Seems like people think this is an issue with HDR data, but this has not been resolved to date. Considering changing photo storage apps entirely.",Unknown,3,,
aa059b9f-d584-498a-ae55-8d80a5c44cf9,play_store,"Downloaded it then immediately deleted it because every photo had a thing called “categories” at the top of every photo that I did not want and found impossible to remove. I found it annoying and distracting. Never going back. It was also constantly asking me to back up photos (which I did not want to do) and distracting me with memories, moments and other dumb things for the short attention spanned. 👎👎👎",Unknown,1,,
0ebd2afb-85bd-4c81-9373-69c5d7be5f3e,play_store,Why does it take so long to edit a photo to market up on market Why can’t I get any of my pictures and videos off of the stupid app and put them on my phone or an iCloud? Do you hate people that much?,Unknown,2,,
dcea28f7-c496-43a8-96ae-4e19466cccf5,play_store,I have a ton of duplicate photos that I can’t find a way to delete without clicking each one individually as I find them. I can’t ever get them all! Even other apps don’t pick up on them for some reason please help,Unknown,1,,
8d520c17-c97f-4f7a-97e5-c7ef1776f837,play_store,"I wanted to have the app on my phone to easily add photos to a school team album. Every default setting wanted all of my personal photos and made it complicated to turn off. Not worth the hassle. I already know Google does not value privacy, but this was a pain.",Unknown,1,,
3bb1f974-9a85-49a6-b81b-40e3a45bf74e,play_store,so me and my grandmother were looking on this app for her dog that died and she found the last photo and mind you this was taken in 2013 and it said December if 1969,Unknown,3,,
f0c52e29-3625-4cc5-98d9-a2c514fdd65d,play_store,"So for some time now, whenever I want to download a photo from Google photos, the menu to share or download the photo is broken. You can’t see the icons or what it says. Can you guys check that area of the app. For the small window with the options, the Ipd has to be in portrait to access some of the features, in Landscape can’t access the window since it gets cut.",Unknown,3,,
60fafee2-4f70-4056-acc9-e94cb9c90468,play_store,Would love to see how I can look at the videos all the time because once you see it it’s gone,Unknown,5,,
785b2034-9c23-4d33-9c34-565b365b6e81,play_store,This app is great for organizing. A few upgrades it could use: 1. Need option to add a face - for when the app doesn’t recognize that there is one in the picture. 2. It would be nice to select multiple photos at once and add a location or description instead of having to go into each photo one at a time.,Unknown,4,,
0582f18e-1aab-4f8c-9b2c-77082dc987a6,play_store,"This guy photo application is top notch, and it goes everywhere I go no matter what device I’m using! And that way nothing gets lost.",Unknown,5,,
0643c777-8cda-4775-8168-0778dbf2ab0e,play_store,"Tried again and it’s still an unorganized mess. Update: Just cancelled my subscription. Not giving any more money when feedback is being ignored across all Google products. 4 years and still no fix… There’s still no slider for recently added, only on the default homepage, which makes photos and videos I save from social media end up out of order. The slider on recently added only scrolls a little at a time compared to the defualt page being able to jump months or years. On iPhone the video player is buggy too. The play button keeps showing on loops and they stutter instead of playing smooth. Android finally got the slider back but iPhone is still waiting. I already back everything up with another service, but it’s frustrating that Google ignores feedback. It’s been years with no simple improvements. Same with YouTube Music. No quick scroll in long playlists and no way to search songs inside a playlist. These are basic features that should’ve been here by now 🤷‍♂️",Unknown,1,,
79f218b4-24e5-4373-b38f-9e33ad2fc004,play_store,Nice to look back at what you were doing. Thank you,Unknown,5,,
2229ad12-2546-4e71-afdb-17f1080eeb27,play_store,"yes yes yes i’m enjoying the google photos,you make my pic look greater than ever and i love it.😎🚀✨",Unknown,5,,
8bcdc545-79f2-4e00-888a-08fbf1dec043,play_store,"I’m retired.. and so very often I find comfort in just sitting and watching my so many friends and events and so many precious memories I’m thankful to have this close to me , it’s a blessing",Unknown,5,,
ae02304d-1ec3-40d1-b788-73e47f3286e4,play_store,So thankful when these lost memories appear,Unknown,5,,
feddc2f4-15d7-4d4c-8d0f-fb36c0ef8557,play_store,"Google Photos app on iPhone shows 736 photos for an album, but on the website shows only 84 photos. No upload status is shown. No way to get help! “Help and feedback” just keeps going round and round in circles. Overall… Google tools are great when they work, and suck when they don’t . More and more though… I am finding that Google tools no longer work. And have no way to fix / contact support.",Unknown,2,,
5ddfed67-e60b-4cef-a7c4-a5e9cd6c1832,play_store,Absolutely love this and sharing it makes me look like a genius,Unknown,5,,
fcd0dd5e-6445-4a7f-b8d8-53c0191974e2,play_store,"Remember photos are fun, and google’s photo app is a lot of fun, it reminds me to laugh more and worry less.",Unknown,5,,
0de2f9d2-82e9-42e8-87bd-beeb9218ad82,play_store,"Love the color of the pictures, amazing detail and job !",Unknown,5,,
eba70d46-7968-4fe3-9a5e-c13bb7102f78,play_store,My other email was put under review for no reason lame as hell,Unknown,2,,
3c461bb1-d0ab-4566-8f1e-aae991c01251,play_store,Every time I try to scroll or click on a picture the app stops working and it freezes up. I’ve done the update and it’s still missing up. Today o got as far as clicking a picture I wanted to edit and after I got one the edit screen the app froze up again. Can you all fix this problem please it’s been going on now for a few weeks. Thanks,Unknown,2,,
ae5660f6-c054-440f-b6d8-b481ced8abc8,play_store,Google Photos: Simple to use and to retrieve. Sharp colors and great for all subjects!,Unknown,5,,
9f6d2d76-abf7-46e9-94d2-083cc1638cbd,play_store,I am not a tech-savvy person. I was trying to create a slideshow with music. It wasn't able to do it. I kept going through different things and really wasn't sure what I was doing. That's the reason why I said it wasn't that good for me.,Unknown,1,,
0fdd07e3-1a80-419e-b771-a2641291e59a,play_store,"If you need an example, look at the photo app on an iPhone. All the thumbnails are squares which makes it visually a lot more easy to look at. Right now in Google Photos you have some photos/videos that are randomly larger than others even at the most condensed view layout option. This is very messy and visually difficult to look at. Again, try to take inspiration from Apple and the photo app on an iPhone.",Unknown,1,,
0006d9b9-8c58-45eb-8521-445ca730d344,play_store,My review is simply a functionality situation where I want to be able to delete duplicate photos within an album and also see the photo count in the album,Unknown,5,,
caf81c19-8e48-4c80-8a51-01e99d70edc6,play_store,Where they were storage?,Unknown,5,,
078e7cbe-898b-4e41-b703-6e74eceea54b,play_store,Did not realize deleting photos from Google Photos deleted them from my device too. Lost a lot of great memories because of the constant storage warnings :(,Unknown,1,,
b8a5b885-89ac-4322-b0dc-e1cc59fade0d,play_store,The date wise separation was better. Now it looks like a mess & triggers my ocd. Wish there was an option to turn it off.,Unknown,1,,
c249742d-2a5a-4660-ad6e-c75ea968eec3,play_store,"This app will destroy you. It will literally destroy you. You get google one free trial? Realize oh wow, Google one is absolute trash. You have 18,000 photos saved on Google Photos? You’re essentially going to have to delete them 10-15 photos at a time or single handedly click on each one. They make it not only painful, but almost abusive terrorizingly difficult… like it will haunt you. And your Gmail will be shut down until you go through and delete every… single… photo. Good luck. Google is criminal. The devil.",Unknown,1,,
7475d575-c954-4cfb-bc62-eeb7763c7e68,play_store,Matches different people to each other,Unknown,1,,
cca3425f-46b3-4897-91bd-8c8d948dcaba,play_store,5years later and still airplay support sucks,Unknown,1,,
190fa487-6e1a-47ed-8f8e-493559ab52bc,play_store,Why are you always looking into others privacy? Someone should sue you guys.,Unknown,1,,
2d81a91e-fe16-4901-8c58-b9897a3f2930,play_store,I don't want my memories to have music with lyrics. I am a Christian and I was watching a memory and the words to the song said if you go to hell I'll go there with you. That is absolutely insane that you would have pictures of your sweet memories and videos of your precious memories with a song in the background that talks about going to hell. It's absolutely disgusting and disheartening and it makes me want to find an alternative way to save my photos and my memories and videos without using your services at all. as a matter of fact I think I'm going to find an alternative route to saving all of my precious memories so I can exclude your service entirely. Disgusting.,Unknown,1,,
6048baa3-9bc8-40d5-a85e-b66061dab928,play_store,"Ive used google photos for the past 10 years or so. Ive noticed it getting buggy especially in the AI features. About half the time I load in a photo to use magic eraser. There’s a bizarre glitch that permanently makes the photo look like it’s been stamped with itself over and over again, like a double exposure. It is also odd to me that once you use magic research to remove someone in the background, you can no longer edit any other aspect about the photo such as exposure or color. I have also noticed on iPhone a weird phenomenon where once you hit save on an edited photo the end result actually looks different than when it was being edited. Like the preview of the photo during editing is not accurate. All of these things combined has made me really loose trust for this app and no longer want to edit photos with it.",Unknown,3,,
2a9dc1ad-0e49-4af8-8597-218d6c479f83,play_store,I can’t always find the videos I’m looking for but it is nice when they just pop up with a new video of memories or wanna make dogs. It’s kind of cool they put it to music. The only thing is I don’t know how really did edit them that well but that’s OK.,Unknown,5,,
5653b4cd-6b1e-435e-921c-fc06512c6074,play_store,App freezes after adding keywords to photos. You have to force quit and re-launch the app to use it again.,Unknown,3,,
2c6ec6dc-eb2d-4b97-a20c-8557bfbd9eba,play_store,I love how I can put a date in the search bar and all my photos will appear and bring awesome memories back to life!!,Unknown,5,,
7f71dead-59f3-4425-8a7e-95545ec1743b,play_store,I’m loving this Google Photos back up and edit series. I can do so many different things in view photos in different mini aspects. It’s a lot of fun and an easy way to find all of your photos. I strongly recommend it.,Unknown,5,,
2e157c1f-f141-435a-a047-fd1402343a8d,play_store,"Last Thursday I drove 500 miles from my home to East Tennessee for my brothers celebration of life. I brought my 2 Pommies with me for company as this was my first trip to TN without my spouse who had passed away in the past year. I set up an account with rover.com and selected a place to board them for the weekend. But when I reached Lenoir City and looked for the place I couldn’t locate it nor could I get an answer on their phone. 2 gentlemen out for a walk tried to help me and came up with Small Paws as likely the place I was looking for. So off I went with the directions listed in Google. When o arrived i quickly realized this was not what I had booked. But when Nancy came out to greet me and the dogs, she was so welcoming and the boys seemed quite comfortable that I made the decision right there that they were going to stay at Small Paws until I returned home on Sunday. It was the best decision I could have made for all of us, even a convenient location to pick them up for the return home.",Unknown,5,,
ea3e8bc6-7830-4ac9-86ec-2fd77708b8cb,play_store,"I have been using this app to back ip my pictures for years. And ive always done it by selecting pictures manually and then backing up. But recently, backup slows down and stops entirely although it says “backing up” for hours on end. If i uninstall the app and reinstall, around 200 pictures back up normally. Then backup slows and then stops entirely again until i reinstall. Please fix this",Unknown,2,,
da7b0f01-f8ab-47ee-8876-9a14ca83cbf4,play_store,I love most of the popouts Facebook does or the pop of color I love it❤️,Unknown,5,,
035a37e3-f0e5-4a77-bbe3-fd18a0b3ab04,play_store,I enjoy how they categorize pics. Makes it easy to find a photo.,Unknown,4,,
39022d64-aaa8-4734-8d18-a62e5986abd1,play_store,"Not only does it store my photos in the Cloud, it does so much more! Checking out all the fun things I can do with my photos--make collages, edit, cinematic photos, photo to video, search, and a lot more. Very pleased!",Unknown,5,,
298b651b-9cbe-4d67-8146-8d9e029dc898,play_store,Love the way my memories are m being able to remember them through google Awesome job,Unknown,5,,
d76d2ef1-d0bd-4639-82a9-0969383b028e,play_store,Slow uploads. New photos don’t show for people with shared album links. Takes an insanely long time to create a share link.,Unknown,1,,
c7f4ea00-5550-4096-9640-385340d5bb95,play_store,Whenever I try to make shared albums with friends most of the photos end up stuck in a partial upload state and at low quality resolution. There doesn’t seem to be any way to fix this other than deleting the imaging and trying the upload again. People have been reporting this issue since 2019 and Google either is too incompetent or doesn’t care enough to try and fix this.,Unknown,1,,
d23ea153-ccac-4ae7-af3b-7b70ee374cad,play_store,The ONLY way to save all of your photos and videos in an organized and easy to find format is to,Unknown,5,,
280b80c3-f15c-413c-ac0b-85a055769a72,play_store,"Time fly’s fast, so enjoy life each year and find a great church that you like and live for God!! So when this life is all most over you want have no regrets. I did, and still is when ever I can. Yes and love my church home. Thank God for my life. I will live for him.",Unknown,5,,
88f8877e-27c6-4bb1-8e1e-7e57155ac207,play_store,"Good filters, many tools for yours pic",Unknown,5,,
954a7a37-5647-4d6a-9fff-6582723269c6,play_store,I sure love the way they put your old memories together and make you remember good memories buried within thousands of pictures and videos.,Unknown,5,,
afa585a6-ffb7-4baa-9d43-80111ecd37d1,play_store,Hard to find right word prefect,Unknown,5,,
d81f4bdc-3d77-4725-9859-20871c8c41c4,play_store,I Google Photos was a place to store your photos but I was browsing and saw you can do all kinds of edits for FREE unlike all the apps you download that claim it,Unknown,5,,
69eb6814-3924-46d1-9774-d0a7fa5c0b37,play_store,"I read where Support answered another reviewer but I do NOT have this option! I updated to the latest update and still no changes! “You can now restore the date separators in your timeline. In the Google Photos app, simply tap your Profile picture > Photos settings > Preferences > Photos view, and toggle on 'Show dates in grid'.” Under Photos View, I ONLY have ‘Stack similar photos’ and ‘Show shimmer’ May 1, 2026: I WANT OFF THIS ISLAND!! These updates are seriously getting worse with EVERY update since changing and removing the monthly layout! July 4th: The updates are steady getting worse! Google Photos literally stopped working for me on July 3rd. It started freezing and not opening all the way. Multiple phone reboots did nothing. I hesitated but gave in and updated to the latest version - just as bad! App steady freezes! I click on Memories and when I try to scroll through the photos, it freezes. I force-close and reboot my phone and still no changes! Every thing was fine until you updated the app and removed the monthly layout. Please change it back and leave the app alone!! This is ridiculous, especially for those who’ve been rocking with this app for YEARS!",Unknown,3,,
f7692f1a-1ebd-40ba-b8c6-0030f962cad4,play_store,It keeps telling me I’m out of storage right after I clear up half my storage and now my Gmail is telling me that I’m about to stop receiving emails shortly because this stupid app is taking up all of my storage… like broskie GET A GRIP!,Unknown,1,,
7444abb3-7d0a-4b91-b17f-8aac267c95a8,play_store,Google photo doing great job to organize photos. I love how the Google Photos put videos together to remind us about precious moments. Would be nice to have some cleanup mechanism inside of the Google Photos to eliminate duplicates.,Unknown,5,,
8eedb124-1f5f-42db-af56-9071be90db1b,play_store,"I am enjoying Google photos but there needs to be more AI functionality to create slide shows for specific dates, people or locations",Unknown,4,,
40c82f60-b873-4acb-9b4a-abec91969feb,play_store,"I use Google Photos to store my edited images. It has always been reliable. Recently, they have changed quite a bit and it has negatively affected the experience for me. The overall look of things has decreased. They used to have my images organized by month, but they took that away. Additionally, the advent of AI has WRECKED the ability to edit. The magic eraser tool used to be great, but it is rubbish now.",Unknown,3,,
35286cee-fac5-4172-8062-8d904db76a26,play_store,This app has provided opportunities to reflect on life over the years. The memories are invaluable. Friendships are reinforced as we remember the time shared.,Unknown,5,,
3d34e14b-1500-4571-afd6-463a767c5c2e,play_store,The hair is beautiful,Unknown,5,,
4094c030-8212-419a-97ec-fb71e6b36a6d,play_store,"Google Photos shares these Spotlight videos with me and I really love them then they disappear and I can never find them again, I’m not technologically illiterate - promise!",Unknown,4,,
06f1bf5c-7821-424c-a616-526d18740808,play_store,Great stuff and would be even greater if soundtracks are available to be added to such packaged creations to immortalize loved ones and treasured moments.,Unknown,4,,
a226204d-5783-4925-8b5d-f7c4e99c8722,play_store,Google I love Google. Google is the greatest. It is one of my favorite things in the whole world. Thank you Google people.,Unknown,5,,
4ccea275-ef1b-4d86-b045-f0fda3ae4447,play_store,"What a great way to archive beautifully, privately, and yet still, socially as optional. Well done, Google. Nailed it on this iteration and release.",Unknown,5,,
ff712930-2e82-42a0-8eaf-16c726ff7ab6,play_store,Unless you have the other person download the photos app it will not let the person download the original quality photo or video you want to share. This is a recent change in the app to get more people to download it. This sucks.,Unknown,1,,
1077ae4e-6abb-476b-bc6a-046598369081,play_store,"I really enjoy using Google Photos. It makes it easy to keep my pictures organized, find older memories, and have my photos backed up in one place. I especially like being able to search for photos without scrolling through thousands of pictures. The memories feature is also a nice touch because it brings back photos I may have forgotten about. Overall, Google Photos is convenient, easy to use, and a great way to keep important memories safe and organized. ⭐⭐⭐⭐⭐",Unknown,5,,
0655624c-c905-43d4-b04b-79ece2c22f11,play_store,"I am using Photos on an iPad and will sometimes take a video on my Android phone, then download to the iPad and edit there for a better wide-screen editing experience. I am experiencing a transient issue with downloading, getting the error message ""Trouble saving. Try again later."" It often *does* work later - but there is seemingly no pattern to it. Closing out the app and even restarting the iPad doesn't change the behavior. I've noticed no pattern in file names or file types.",Unknown,1,,
85244893-1ce5-4a9c-b069-edaf31623998,play_store,"Finding, arranging photos and videos is an arduous task. Google does it exceptionally well…with an appropriate sound track! Mahalo",Unknown,5,,
2af98dcf-939e-4162-945b-fe07af4994de,play_store,You can actually find stuff…..when you search and need to!,Unknown,5,,
c66f1dfe-2a0a-4623-85ff-fd636e30ada1,play_store,"This app is dangerous. If you delete a photo from your device, it automatically deletes the same photo from Google Photos. So you cannot reduce space on your device and keep those photos on Google Photos. Thank goodness, I tested it. Otherwise, I could have lost all of my photos.",Unknown,1,,
1ca351d5-4d59-4252-912d-0f83cb406f5e,play_store,cant use it as all. edit: I should clarify that it’s one specific object in one image that doesnt work. It’s not an issue with the file itself because even in screenshots kt crashes my app. I’m be happy to send the image in if necessary to see whats causing it. The image is of a fruit stand and I’m trying to remove a chair,Unknown,1,,
15ae7640-6dd1-4f68-b0cd-d6b256b63461,play_store,"My choices are endless that Google Photos allows me to do with pictures, and to look back 9-10 years really demonstrates how time flies.",Unknown,5,,
76d4384e-e0f1-4283-a0cf-d7a51a54d9b9,play_store,Nice to remember the memories we forgot 🥰,Unknown,5,,
d109554f-5058-43a4-8a3c-de3c0e0f88c3,youtube,Sirf unsave photo ataa hai. delete ki hui photo or purani photo recover nhi hota hai.,2025-08-26T17:00:26Z,,@catcutiesdance0143,https://youtube.com/watch?v=QNBQtgddtTI&lc=UgwljQp0-5T_BRONfn94AaABAg
a20e404b-5b75-4ec7-a02a-bcc3cef7b585,youtube,Yahi gyan ek anpadh chaiwale ne microsoft ke ex ceo ko diya tha 😅,2026-04-05T14:50:50Z,,@ultradivinehere,https://youtube.com/watch?v=QNBQtgddtTI&lc=Ugxc4KmR9JjCMqsQNqZ4AaABAg
1041f582-0eab-46ab-84a7-d042354d0ad2,youtube,Thank you very much bhai me bohot strech le rahi thi kyuki mere photos delete ho gye the apki vedeio dekhne ke bad mere sare photo mil gye bohot bohot thanks ❤❤❤😊😊😊😊,2026-09-20T09:23:18Z,,@Anshu-x7k3m,https://youtube.com/watch?v=QNBQtgddtTI&lc=UgwmrsvUNBLjlOhxJy54AaABAg
cdb43533-c16f-43e6-80f1-cf218d341282,youtube,Mere phone me no unsaved photo aa ra hai,2026-05-23T12:30:24Z,,@ArnabKaushik-k8c,https://youtube.com/watch?v=QNBQtgddtTI&lc=Ugyo2c3QkEnTCfE45z94AaABAg
68187e21-2b40-48aa-aac6-57a55839e355,youtube,Jhooth lag raha hai mere ko to maine to Abhi Abhi turant search kiya hai,2025-11-25T08:14:56Z,,@AbhilashaKumari-c3h,https://youtube.com/watch?v=QNBQtgddtTI&lc=UgxK57BW9S5BFZiAm5J4AaABAg
62efb06f-f29b-493e-95e2-7eb9f2128e5b,youtube,Not found anything 😂😂😂,2026-04-03T22:52:47Z,,@DeviRatne,https://youtube.com/watch?v=QNBQtgddtTI&lc=UgykvzAnQZNGNzZY3ix4AaABAg
b736f349-20fc-4126-8a9e-176badedc7bd,youtube,Thank you so much bhai,2026-02-19T08:39:47Z,,@LaxmiKant-v8z,https://youtube.com/watch?v=QNBQtgddtTI&lc=UgzbDQMCoEtl04hO_6R4AaABAg
9ace5c6d-102b-41d7-959b-22de03551f6a,youtube,As motorola user I use it daily... Stock Android 😂😂😂,2026-08-27T07:49:27Z,,@hindu.dalit786,https://youtube.com/watch?v=QNBQtgddtTI&lc=Ugwg7bG2jlplXrvcU0x4AaABAg
6085bf40-384d-4ac1-9cf7-8ec1b23556c7,youtube,Thank u bhai thankyou thankyou thank,2026-05-17T10:40:24Z,,@ViratSolanki-f2t,https://youtube.com/watch?v=QNBQtgddtTI&lc=Ugy8BSnJCFCuGMZH6fp4AaABAg
6ca96f7d-ef7a-4461-9fad-c7db310c56c0,youtube,Jhut bol ne ka that hota he bhai😂,2026-01-03T06:13:37Z,,@Manishabhuyan-c8k,https://youtube.com/watch?v=QNBQtgddtTI&lc=UgzTeZlwZ-5q04zUxaR4AaABAg
54aeeba7-2aec-4422-84e7-36e96517d0a3,youtube,Bhai my photo not come,2026-01-20T01:42:14Z,,@ShrutiDesai-k7l,https://youtube.com/watch?v=QNBQtgddtTI&lc=Ugxs1dXzS7EGyZzW35V4AaABAg
e98ff234-7fee-43b4-8b63-d3afb0f85ceb,youtube,Circle to search bhi text copy kr.skte hai,2025-09-13T07:29:32Z,,@iamfaisal4736,https://youtube.com/watch?v=l6B7ndPnjxU&lc=UgxBERZF3wdsG3H4Il14AaABAg
08c91148-49fb-4b3e-9d2a-29afb8bfc738,youtube,"One thing I love about online servers is how they have unlimited data available... and yet I didn't know how I felt about resuming certain Google experiences when I only had 15 GB available. I have 200 GB of iCloud storage, so I have most of my data there.",2026-06-19T18:40:29Z,,@CreativeCullen-t8o,https://youtube.com/watch?v=4DNQp3jgT8c&lc=UgxfLmSulEm0su2Qfet4AaABAg
4b5ef21a-bb24-4e5e-a719-a923a9083682,youtube,"When i edited my photos they used to stay in photos, now i can't find them. How do i keep them in my photos? Thanks",2026-01-01T14:50:45Z,,@Skottysgirl2024,https://youtube.com/watch?v=4DNQp3jgT8c&lc=UgyGjnV2V9Xj8eM2Ty14AaABAg
fb383c24-59f4-4ad6-9736-a2f78db0b149,youtube,Love the ease and search capabilities.,2026-06-22T05:17:58Z,,@daveemery12,https://youtube.com/watch?v=4DNQp3jgT8c&lc=UgygJdUY2xryUgjctgx4AaABAg
3d1d24ed-d864-4aaf-8d22-e31652e65d1f,youtube,I just replaced my 8 yr old android phone with a new android phone. My old phone just had an app named gallery. I would take a pic and it would store it by the date I took it. I am now forced to use Google pics. How do I sort by date? It says today and that works but then it says yesterday and is showing me pics from months and even years ago. Help!! I just want my pics stored in the order they were taken. You'd think this would be easy but I can't get it to do what I want. Thanks for your vid.,2025-11-04T05:10:16Z,,@johng8310,https://youtube.com/watch?v=4DNQp3jgT8c&lc=UgxDFm2Taye45fBvfzt4AaABAg
58e8f37d-1ae6-465a-8458-14a5d28131f7,youtube,I work with both Google and Apple photos. I think 98% of what you showed up as advantage of Google photos is identical to Apple photos.,2025-07-28T22:59:07Z,,@McWotsch,https://youtube.com/watch?v=4DNQp3jgT8c&lc=UgyyQBTHbzDUna-sunh4AaABAg
b82d699f-e1a2-4a69-a6f2-2d87e890f867,youtube,WHY DON'T GOOGLE GOOGLE PHOTOS GIVE YOU LONG ENOUGH TO REMIX YOUR mind USING AI ON GOOGLE PHOTOS,2025-11-29T20:10:22Z,,@JEREMYTIFFEE,https://youtube.com/watch?v=4DNQp3jgT8c&lc=UgwvvnlrA33-Y_w9njN4AaABAg
523e7f5b-d191-4fda-8562-53d58d9afb9c,youtube,Thanku bhai 🎉🎉 it's working guy's,2026-01-15T07:08:49Z,,@anshik1234,https://youtube.com/watch?v=DGffLEhxLT8&lc=UgxcnLktjJS8GafET2J4AaABAg
08845582-22e5-4f96-8a1c-4e1880a73b64,youtube,Muze help chahiye mai delete kiye huwe photo return aajate hai gallery me use kaise band karu plz bataiye,2026-04-08T13:25:59Z,,@chandrakalasatam5707,https://youtube.com/watch?v=DGffLEhxLT8&lc=Ugw-ULJqsiobdf3bXOh4AaABAg
6ec26f34-891e-44d5-a94f-4974cc53bb3a,youtube,WhatsApp se delete hua photo video wapas a sakte hain,2026-05-31T10:10:06Z,,@pushpamkumari379,https://youtube.com/watch?v=DGffLEhxLT8&lc=UgwjsJTPJFCL9JtQXxp4AaABAg
f19e6c4d-f77a-4f92-849e-cb3933a0fffe,youtube,Thankyou so much mera bhai ❤,2026-04-06T19:27:03Z,,@CRAZYUP42RIDER,https://youtube.com/watch?v=DGffLEhxLT8&lc=Ugyl6UQjZUv-ACPMTmp4AaABAg
8fe9738d-b0b8-4ad9-b448-98407bf61459,youtube,Kuch picture nehi hen bhai it’s not working …,2026-04-21T21:57:26Z,,@Insomniaa24,https://youtube.com/watch?v=DGffLEhxLT8&lc=UgzVBGJKFeabJ6E0yOt4AaABAg
c87ef0bb-d4e8-4594-b7a7-6e0fea6d7ffd,youtube,Sir can You Please Help Maine locked folder me video rakhe the Wo Move Karte Hi gallery me 3 Mile 2 Nahi Mil Rahi Hai Kya karu Please help me,2026-01-21T10:10:14Z,,@harkishangondaliya6356,https://youtube.com/watch?v=DGffLEhxLT8&lc=UgwfhzdvroZ5USyH7vJ4AaABAg
d5c2280c-c000-42c7-ab33-33e7cab80fff,youtube,Thanks Meri picks wapis agaye hain❤🎉🎉,2026-07-18T10:57:44Z,,@FarhanBajwa-p9q,https://youtube.com/watch?v=DGffLEhxLT8&lc=Ugw9koa3B7PO_DSG75t4AaABAg
59e0e071-65c3-4d0e-8c7f-5760d4f76d5b,youtube,thank you so much vaii,2025-11-04T19:17:29Z,,@NirobHasan-l7b,https://youtube.com/watch?v=DGffLEhxLT8&lc=UgxjhaEvmvKfasHp0XF4AaABAg
f23d1fbf-f5c6-4e61-a66b-74c108157a81,youtube,Thank you Bhai .how to download,2025-10-21T00:48:42Z,,@PujaraniKhandai-f3u,https://youtube.com/watch?v=DGffLEhxLT8&lc=UgzOTHCLZfYJOWDQt5R4AaABAg
5af23e15-162b-446e-8905-a3fa13a550ae,youtube,Bhaiya lock floder se photo delete hogya,2026-09-23T08:43:50Z,,@ChandadeviPaswan-v4j,https://youtube.com/watch?v=DGffLEhxLT8&lc=Ugx5jboTbIyHwGFaBkJ4AaABAg
62a6d731-8aeb-45b3-a8ff-a3bf9eec14f5,youtube,Creations aate hai bhai,2026-06-21T07:19:26Z,,@ShindeVlogs11,https://youtube.com/watch?v=DGffLEhxLT8&lc=UgyT-juCZnnLT-_TosV4AaABAg
d2fc4ec3-46e3-4600-804a-a13a29c31ed2,youtube,🙏Thank you so much Bhai❤,2026-07-26T08:25:10Z,,@vaibhavgoriwale9157,https://youtube.com/watch?v=gpTAC1aRgm0&lc=UgxEBVoiVC3WoZAMN3t4AaABAg
e035ac0f-7c9b-40ae-bbef-6b75a05d9f97,youtube,This video is genuinely and parfect.... Thanks Bhaiya 🙏,2025-07-01T05:02:26Z,,@goutammitra1028,https://youtube.com/watch?v=0etAWNK5uVc&lc=UgyhJbn5wXVllCjWWmt4AaABAg
fd9402a7-d16c-4ff8-95f9-ce975ad2fde0,youtube,Thanks bhaiya 😢😢😢❤❤❤❤ love you,2025-04-01T05:48:37Z,,@Gangeshjhasuccesss,https://youtube.com/watch?v=0etAWNK5uVc&lc=Ugy3tjwxqmHOAxsYurl4AaABAg
f215433b-d09c-4c40-8a67-d28b269259d1,youtube,Content served from Google service last vala option nhi mil Raha hai kya kre,2026-08-25T16:30:17Z,,@PoojaKinner-e1d,https://youtube.com/watch?v=0etAWNK5uVc&lc=UgwLuQCoVV66HWomh-94AaABAg
914be05e-9c26-450a-86e9-7ecfec0f2ef2,youtube,Pemanently delate photo bhai mere nhi ho rha yrr😫😫😫😫,2025-08-21T13:21:53Z,,@Miss_Seth_Ji,https://youtube.com/watch?v=0etAWNK5uVc&lc=Ugy-RXB_-g1pk5ZHycB4AaABAg
d8cbcd54-e8f2-4054-be02-2700631c1a90,youtube,Google photos se deleted photos recover kaise kare Tres me se deleted go gya hai,2024-09-23T06:54:36Z,,@sonam36249,https://youtube.com/watch?v=0etAWNK5uVc&lc=UgwihN3QcYXOVSBtT9t4AaABAg
be913368-7668-4cb6-91c1-357e97353b16,youtube,"Are bhaii google Photos se Photo delete hue hai recover kaise kre,na ki phone gallery se delete hue, back up liye Photo delete hue hai. .......",2024-12-02T20:41:52Z,,@avinathshinde382,https://youtube.com/watch?v=0etAWNK5uVc&lc=UgzlI_E5jsKByIdZY6R4AaABAg
477cedd7-0a3e-4552-9e58-ba73d0342d9b,youtube,Hey friends! What do you think of Ask Photos? Comment below!,2024-10-10T15:05:48Z,,@TasiaCustode,https://youtube.com/watch?v=EbUOFX_-Nsc&lc=UgwThHMwEhsTsAP0d7V4AaABAg
d45e0ed9-25d8-40ce-a4e6-527c54d3440d,youtube,"Lost me at .42, the first step. ""Bottom right of your bottom menus bar"", where do I find this?? I'm in Canada, is this a US only thing?",2024-12-24T19:41:28Z,,@fisherguy,https://youtube.com/watch?v=EbUOFX_-Nsc&lc=UgxwqX3XfpGU_YXTMGl4AaABAg
f4a90c6c-7ad3-4f59-9ea7-3d2f1fca4fdd,youtube,I have a new Samsung Ultra 24 but not ASK Photos on my Google Photos app. How do you get it? I still have the SEARCH tab at bottom of screen. I have Gemini on my phone.,2025-01-07T02:41:13Z,,@bestlifeafter40,https://youtube.com/watch?v=EbUOFX_-Nsc&lc=Ugx56aaJP8Pl_xoMm0p4AaABAg
e1cd4dee-625d-4e46-bdfd-fbbdfe1e6e15,youtube,I have the brand new pixel 10 but for some reason I don't have this feature. I thought this was supposed to be built in on the pixel 10 but not available on my phone whatsoever. I'm in the USA. Do you have any clue as to why it's not showing up? Thank you,2025-09-27T12:07:18Z,,@StreetlightPulse,https://youtube.com/watch?v=EbUOFX_-Nsc&lc=UgyEc8ChfYmLWEJ-oLl4AaABAg
4689ec76-c380-4f87-945c-27aaf790e9f9,youtube,"I'm lost... I go to the website to join the waitlist, and I don't see any ability to do so. I just see a bunch of blog posts and messages saying to ""Get the App"" or ""Visit Google Photos"". Is the waitlist closed? Or do you automatically join the waitlist by having Google Photos?",2025-08-12T14:43:07Z,,@vonkraftmc638,https://youtube.com/watch?v=EbUOFX_-Nsc&lc=Ugwc_obFPVkORIg2O_l4AaABAg
865859a0-bc2b-4139-bd51-bdb924bc7b3c,youtube,it still has search on my galaxy S23 Ultra. Looks like it would be a nice addition to Google Photos.,2024-10-11T03:47:00Z,,@Richardclarkson7819,https://youtube.com/watch?v=EbUOFX_-Nsc&lc=UgxQNX92uM2M4I3H70t4AaABAg
6a02b6d2-89e1-4136-813f-a874eb6918b1,youtube,"Hello just got this on my phone as option to seach today, but I am afraid to try if I have to do all the faces amd names over. I take 1000s of photos and this took a long time to set up and hide 1x strangers in pics and screenshots. So question is if it is already there will it remain exactly the same with me just having a headstart or if I update my version today and/or try this search will I lose that work and need to staet all over? I spent years training the classic search on who is the same person in look- alike shots.",2025-08-28T05:58:20Z,,@Marylyn-m5o,https://youtube.com/watch?v=EbUOFX_-Nsc&lc=UgxKOx9ORbYpFY_ItsZ4AaABAg
451b3d2f-7ce8-4c5e-9eaa-5be410f834a5,youtube,I just received Ask Photos today from the waitlist. It is fabulous!,2024-10-10T20:44:05Z,,@kealia1231,https://youtube.com/watch?v=EbUOFX_-Nsc&lc=UgxRK8-6bQGhcntYCM94AaABAg
f028996e-7b25-4591-9788-e7982ea50475,youtube,"Looks good, I'll keep an eye on it not picking the wrong picture for me 😅",2024-10-10T16:32:06Z,,@aubinbaldonado,https://youtube.com/watch?v=EbUOFX_-Nsc&lc=UgzP5TPhvrq62lerbcF4AaABAg
4f646905-0904-4e89-aea7-718b0a85870b,youtube,"Is there any way to add more people and pets to the ""Names & Relationships"" menu?",2025-02-07T23:13:09Z,,@peavina,https://youtube.com/watch?v=EbUOFX_-Nsc&lc=Ugz8y8HFz_yvc4uM5kR4AaABAg
ab29bd38-1af9-4224-bd00-0fc49c2efd03,youtube,Nothing here maybe only available for pixel phones or in the USA only users,2025-11-07T23:20:48Z,,@KolGabin,https://youtube.com/watch?v=EbUOFX_-Nsc&lc=UgxtVA_2ipMX2tws1i54AaABAg
920cb3ef-c6d2-40c3-a7fa-1a14f2330544,youtube,i joined the waitlist so long ago i still didnt get access. i wonder if its not available in india !_!,2024-10-13T16:40:29Z,,@yashjit,https://youtube.com/watch?v=EbUOFX_-Nsc&lc=UgxrGd9GizWAUAf-FTx4AaABAg
a56628c0-0e48-45ec-b19e-eaa563f1245b,youtube,I joined waitlist 5 days ago how long i can use ask photo,2024-10-10T21:34:40Z,,@milad4141,https://youtube.com/watch?v=EbUOFX_-Nsc&lc=UgxT7gaTEJ-GWBWy-z94AaABAg
59dff0a2-5757-4f4f-a34f-5345d404ebe9,youtube,"I received an email saying that ""I'm in"" but I am unable to move past the screen ""Review how Photos uses Gemini"", I clicked the ""Got it"" button at the bottom but nothing is happening.",2024-10-16T17:40:02Z,,@electrology,https://youtube.com/watch?v=EbUOFX_-Nsc&lc=UgzfaC8nM1UkjVWD3ex4AaABAg
0721eed6-d882-4b10-9e72-c8407780ff89,youtube,"I got the email inviting me, but can't get passed ""got it"", doesn't move forward.",2024-10-16T17:19:04Z,,@ahmedrahim7250,https://youtube.com/watch?v=EbUOFX_-Nsc&lc=UgzRppg3euSfQJkjsVN4AaABAg
487f4d4d-b49b-4ef8-b81e-2e1561233680,youtube,"Hi mam, I am Teja a professional thumbnail designer. Your videos are good in content. Can I make thumbnails for your channel? If you are interested please let me know.",2024-10-12T02:17:57Z,,@insanemotivation321,https://youtube.com/watch?v=EbUOFX_-Nsc&lc=UgwMLJOVJNLifZE7mF14AaABAg
85c7203c-8f83-4fb5-924c-8044444558ef,youtube,Thank you so much bhaiya 🎉❤,2025-06-23T16:20:21Z,,@Lovestudy21,https://youtube.com/watch?v=p31WFo8uxJA&lc=UgzLXbEv-xecLPFmjp54AaABAg
9246f093-c260-4c75-aaa6-63e7629bfd41,youtube,Thank you so much Bhai ❤️ it's working thik ho gaya thank you so much 🙏,2026-01-12T03:56:57Z,,@ZainabShaikh-w3d4g,https://youtube.com/watch?v=p31WFo8uxJA&lc=Ugwfdb3CVVP32Ni7Y-p4AaABAg
23ee261e-9d9f-4866-abe3-1b1f854ec917,youtube,Bhai chrome to nhi deleat hua per aapka or mera charj same tha,2025-04-22T05:47:25Z,,@SurprisedFrogmouth-vo8fu,https://youtube.com/watch?v=p31WFo8uxJA&lc=UgzK2h1h3EIxEOH_6Y54AaABAg
ca8795be-4d7c-4555-90ad-e6e1eee8ac52,youtube,"Thankyou,it's working,mai bahut pareshan thi ,but thanks 🙏",2026-01-24T08:31:30Z,,@imRuchiGupta,https://youtube.com/watch?v=p31WFo8uxJA&lc=UgyLQTrTDjHt_37krsF4AaABAg
bf76b296-f18f-4045-b41f-937d4098b557,youtube,Mera to use security DNS on nhi ho Raha hai bhaiya,2025-06-11T03:45:04Z,,@RumparsadchoudharyRamparsadcho,https://youtube.com/watch?v=p31WFo8uxJA&lc=Ugy0fLx93S86_FtP9PN4AaABAg
0d304e9a-f15a-40aa-b93f-9491e7f73c21,youtube,Bhai vedio send ni hti direct gallery se whstsp me hi jaati h clone ka option kese aayega,2025-08-02T10:08:26Z,,@LakhanSingh-hx3tk,https://youtube.com/watch?v=p31WFo8uxJA&lc=UgwAmiLuXypZ9kBZJ4t4AaABAg
306fb802-39ba-4f24-bc19-323993833ea6,youtube,Is it to turn off the search history,2026-06-16T13:49:51Z,,@YanetaberaDegife,https://youtube.com/watch?v=p31WFo8uxJA&lc=UgwTkd_7wNwbAhP9_2p4AaABAg
6b3e66cb-9999-49c5-8661-48fdbfbd7fb0,youtube,What's this for 😢 please explain please,2025-06-27T22:53:12Z,,@Brandonthagamer,https://youtube.com/watch?v=p31WFo8uxJA&lc=Ugy_zbdwy73Bvdh_Vnp4AaABAg
2e996936-bef3-4f8b-8ce0-4817ff9315b2,youtube,Dadavai help me onnopurna stutas check korchi to hochhe na reload dekhachhe onek chesta korlam hoina,2026-07-09T11:43:07Z,,@RajlaxmiSarkar-q3x,https://youtube.com/watch?v=p31WFo8uxJA&lc=UgxbLck7nfXXNjw58gZ4AaABAg
445edae3-00d5-465d-ba70-dce4e28201ae,youtube,Agr other device ho ek s zyda vo 23 chorme dikha rha h use kaise dlt kre hmesha k lie,2026-01-18T08:44:03Z,,@nabilanawaz9732,https://youtube.com/watch?v=p31WFo8uxJA&lc=UgyBNa49QU_fCIGQIsl4AaABAg
d02d4aa1-8fb1-4e56-8864-c5b539c3041f,youtube,"Please reply. Mujy apny mobile me 2 channels do alag proxy pe set krny hain, kesy kroun",2026-04-09T09:10:45Z,,@waqasSh167,https://youtube.com/watch?v=p31WFo8uxJA&lc=UgzKYTiWpnbOo4WUSAx4AaABAg
a265f3c5-225e-4fed-b117-e90dcc1b5ef4,youtube,Ye bich wala option to mere me hai hi nh ...bas frist n last wala show ho rha hai,2025-12-22T14:30:38Z,,@swamini..collection6555,https://youtube.com/watch?v=p31WFo8uxJA&lc=UgwXZqGxXyA_aEB1K9h4AaABAg
a7d1198a-7a9c-43b7-9b79-3cfe7ac3cfd3,youtube,Second wala option to mere phone me aa hi nhi Raha hai,2025-06-10T02:57:29Z,,@kritiprasad6417,https://youtube.com/watch?v=p31WFo8uxJA&lc=UgwfzaKQmgDgHiMsND54AaABAg
973a900a-23ed-41bf-a391-4ac17aa5ad54,youtube,Why he said nned to enabled the cookies,2026-05-18T04:12:00Z,,@MarjorieAlcantara-b7m5t,https://youtube.com/watch?v=p31WFo8uxJA&lc=UgyHTAGgnYI7N8q7SQ14AaABAg
eb8b97f5-0e67-47a8-a1a3-47850b1cdfe3,youtube,"Mere phone me Online paid coarse me error dikha rha hai,,aur thik nhi ho rha ,, please help me",2025-06-05T12:10:40Z,,@nisha9136,https://youtube.com/watch?v=p31WFo8uxJA&lc=Ugxc46TD8sfGa3DQbBt4AaABAg
f909dc0e-5963-449e-a146-6772a4872b74,youtube,Phir bhi site nhi open ho raha hai,2026-03-18T04:07:18Z,,@Ranjana-n4v,https://youtube.com/watch?v=p31WFo8uxJA&lc=UgzpYQSA1nrbgMDL2S94AaABAg
7305ba3b-4ca9-4ece-8198-7f4d1689f2e5,youtube,❤❤❤❤❤❤ thank u mere bhai,2025-10-08T11:41:54Z,,@AyanGhazi-s6u,https://youtube.com/watch?v=p31WFo8uxJA&lc=UgxjaN28aanynYYCiRN4AaABAg
cb4efa04-217b-41ce-bd45-f31e18324ca9,youtube,You see battle through the heaven donghua same to you bhai and thank you ❤,2026-04-04T08:26:09Z,,@GamerBoy999-k5j,https://youtube.com/watch?v=p31WFo8uxJA&lc=UgytxiMqaYJxKyu0CfB4AaABAg
1f54e2aa-b2f5-4179-b226-8769f3654fb7,youtube,Thank you so much Bhai ❤❤❤❤,2025-10-21T15:48:56Z,,@Quietboyvg4,https://youtube.com/watch?v=p31WFo8uxJA&lc=UgwjRfH_U2wsOUXZt0t4AaABAg
46744710-e481-4d43-9d82-27b50d6c6d16,youtube,Bro deleted his search history first 😢,2026-05-03T20:14:26Z,,@KudzaiVunyungwi-m6z7i,https://youtube.com/watch?v=p31WFo8uxJA&lc=UgxtYCpzPeoeoRvPUGB4AaABAg
8f13440b-304d-409e-833b-728a599e3a93,youtube,"Wow,may God bless you i was able to download this night Please do u know what i can do if like 20 people are calling me and saying my number is not going",2026-05-03T20:44:32Z,,@wonderofGod-c9m,https://youtube.com/watch?v=p31WFo8uxJA&lc=UgxwDgNSPkhXNcJvkU54AaABAg
f77b4743-c5ba-4b5a-89a6-93fa1653318a,youtube,Thank you so much for the brilliant easy to follow video. Photos now available on Laptop.,2024-06-02T15:24:38Z,,@MadeleineBamfield-Dillon,https://youtube.com/watch?v=o44v9PZpH-I&lc=Ugx6zys4zsS1G3fW1X14AaABAg
6f2bf8b8-f208-4347-a535-903b86ecc342,youtube,"If you search images of something on Google, the images are not always in the same order. For example, in the images of Lori Loud from The Loud House on Google, there used to be an image where Lori stands in front of a fridge shrugging which is from an episode of which I forgot the name, and one where she sits at a table with a pencil in her mouth. There were also some images from the episode of Adventure Time ""Something Big"", such as one where Princess Bubblegum stands somewhere in the part when she wondered where is Finn, one where she stood and said ""Alright"" before she went on the flying swan, and one where she is on the swan before it flies away, in which she also has a green outline.",2024-05-02T00:28:10Z,,@stitch3935,https://youtube.com/watch?v=o44v9PZpH-I&lc=UgzajHTx0QR2LhhQoLd4AaABAg
32066ce3-ff7e-464c-9955-67b55513535e,youtube,Thanks bro very helpful video so many people doing videos fakely but urs helps me❤️❤️,2025-03-30T03:30:40Z,,@Social._.butterfly0,https://youtube.com/watch?v=o44v9PZpH-I&lc=UgzTNo8PMLdoiPsAhEx4AaABAg
6c39a77c-b7bd-4069-9b71-5cff0a2af114,youtube,Library me nhi dikhata or photos wale icon par click krne par dikha rha hai please help,2024-06-05T00:15:58Z,,@ManishSharma-id2dt,https://youtube.com/watch?v=o44v9PZpH-I&lc=UgyILXRywlpaPyyx1mB4AaABAg
abfedbf2-6d5b-428f-b175-f08b935d182d,youtube,Thank you so much Agar idar se remove karenge toh backup se yaani gmail se hatt jaye ga na,2026-01-17T12:07:37Z,,@MrTagala28,https://youtube.com/watch?v=W8P4oyjWMGs&lc=UgyUvpQsScVCW53erOd4AaABAg
0dd37875-21fb-4276-b3df-4aea7d413ad3,youtube,Thank you sooo much ...could retrieve all the photos with ease,2025-06-24T15:12:36Z,,@singhpari2895,https://youtube.com/watch?v=W8P4oyjWMGs&lc=UgwyMnI4UdVyLCqoR4l4AaABAg
50eba0bb-afa3-4439-899e-682802378b29,youtube,Bhai usme aa rha hai ki we proted your content from any ad services,2026-05-18T16:19:37Z,,@BtechGaurav,https://youtube.com/watch?v=W8P4oyjWMGs&lc=Ugy8cGoml2d1HgF4o7F4AaABAg
e261a628-a3cb-48e9-87e5-f7cda23c246d,youtube,Or locked chats kaise dekhe jab phone reset ho gya hai to,2026-01-13T09:06:23Z,,@happyprince3459,https://youtube.com/watch?v=W8P4oyjWMGs&lc=Ugxo03v1uY_B8224I2J4AaABAg
43937582-0533-4f10-a807-6ff233c93082,youtube,Bhaiya option hi nahin a raha hai contact saved from Google service😢😢,2026-09-07T02:50:42Z,,@AshaTripathi-l4q,https://youtube.com/watch?v=W8P4oyjWMGs&lc=UgyXTG28VlDk0yMilqt4AaABAg
f808c7d6-bb7e-4688-9333-76e935f679dc,youtube,"I need to factory reset my phone before sending it in for a repair, and I was so confused and worried about losing some of my photos. I especially couldn't figure out how to check what's been backed up. Thank you!! Everything I wanted to back up is saved!",2025-04-02T20:39:54Z,,@jamminoutrexan5474,https://youtube.com/watch?v=uCniTUeIB6k&lc=UgyTTm10r-_rK-6PG6h4AaABAg
dc7ca89a-3cea-4069-9df9-daa0ac110944,youtube,"So I've lost every photo I've ever had.all of them were on Google photos,I let someone else put my stuff to new phone because due to my illness my brain doesn't work right.please help me,breaks my heart",2025-01-20T05:53:51Z,,@JulieReynolds-t7n,https://youtube.com/watch?v=uCniTUeIB6k&lc=Ugz54cukV26aQX64biN4AaABAg
bb384689-2491-4b2d-9a00-2068e07dd438,youtube,I am Sri Lanken.your video is best l could finding my all photos .thank you sooo much .other lotof videos are pake,2023-07-30T05:30:26Z,,@thamashigamage2274,https://youtube.com/watch?v=uCniTUeIB6k&lc=UgwPQjFnnDFDBpZPIk94AaABAg
b24abd1b-c554-423f-9682-df6757b9895c,youtube,I have a question about my backed up photos My phone keeps asking me to back up my photos and I never want to do this because it eats up memory on my phone but somehow by accident I said yes one of the times and it backed up tons of my photos and I want to know if there's a way to undo it without having to delete my photos?,2023-10-07T13:11:58Z,,@sandrabrantley38,https://youtube.com/watch?v=uCniTUeIB6k&lc=UgwnpQQCb1tAytTs4XV4AaABAg
567ab233-654a-4966-8730-db35de2c7b2d,youtube,How do I delete backup cloud photos but still keep them on my phone? I done it few months ago but for some reason I can't seem to figure it out again.,2025-03-02T03:46:59Z,,@yanited1892,https://youtube.com/watch?v=uCniTUeIB6k&lc=UgxnXwM8OlCAfEGRG1V4AaABAg
ec31e8ee-207c-4db9-adf4-55492d8c7aa9,youtube,Thanks sir to explain about the Backup system ☺️ i watch your video that is very helpful to us,2024-04-23T05:52:22Z,,@bholasuryavanshi9237,https://youtube.com/watch?v=uCniTUeIB6k&lc=Ugx4imOJCaz4bzqaRmp4AaABAg
bb2a6d84-7c37-429a-8a2a-79506456932e,youtube,I have been looking for this information . Thank you,2024-05-23T19:26:09Z,,@abdifataholow,https://youtube.com/watch?v=uCniTUeIB6k&lc=Ugx58679R0OxZze_tNd4AaABAg
dbe20f68-dade-428b-98b2-d0c25fb97f4e,youtube,"ok but how do you see it within the app? i dont want to go to a website. i have some photos in albums but those are the only cloud stored photos that will display on the app. and when i try to make a new album in the app, the only photos it shows are the phots on my device. i want to see the photos on the cloud within the app. not a website. i want to organize them all intot he folders that my phone has them in. not sure why google photos just organizees by date not by the folders they were in",2023-11-18T21:18:18Z,,@sheaalmanza1672,https://youtube.com/watch?v=uCniTUeIB6k&lc=UgzNlfY-6IYL0dFEhzZ4AaABAg
977d94c1-f278-47a9-915e-20ea59dd3729,youtube,You aren't helping I'm trying to find my photos that I backed up but it's like it's saved in the cloud but I can't find it show how do I find it,2025-02-15T02:31:48Z,,@NextLevelGio,https://youtube.com/watch?v=uCniTUeIB6k&lc=UgzNITsXmpWPQm_oRfN4AaABAg
f1daf0f2-7545-43c8-95b5-a45d24ce97f0,youtube,How do i link my hotmail acct because i accidentally hit the wrong back up acct which mow my google photoes went to my Hotmail,2024-12-31T02:37:53Z,,@sharynwhitfield917,https://youtube.com/watch?v=uCniTUeIB6k&lc=UgyqLA5oD3e1CjqbnzZ4AaABAg
c3b4a3a1-02d9-4226-b757-73d09e851455,youtube,"Hi, I really need help: the app of google drive on my phone had 2 backups, one of them was/is of the current phone, the other was of my old phone. Last time I saw, it said there was 55 days left for the backup of the old phone. Now, after more or less 25 days, the backup disappeared even tho I didn't do anything to delete it... Now I canto find it anywhere: nor in the recycle bin, nor everywhere else in the app. Is there anyone that know this better than me that can explain what happened? And how I can get it back? Thank you very much in advance for anyone who can help",2025-01-06T19:01:24Z,,@AntoniaPostiglione-o9j,https://youtube.com/watch?v=uCniTUeIB6k&lc=UgzQoj5ee6IUfQN3DIR4AaABAg
87ead57a-8c67-414f-bd69-112759532344,youtube,"Thanks for the video! Man, I'm having a problem with organization. How to upload photo albums from iphone to Google Photos, how to ORGANIZE my photos, so I can find them easily.",2024-02-02T18:12:55Z,,@eddiemattison7792,https://youtube.com/watch?v=uCniTUeIB6k&lc=UgwsybbudEGXl7j6T4t4AaABAg
3c9f909a-fdcb-4463-8363-529090f62b43,youtube,"Sorry bro but I could not finding my all photo, please help me",2024-06-25T16:47:22Z,,@koursaroop3470,https://youtube.com/watch?v=uCniTUeIB6k&lc=UgyNL_OkvmWWAVRtWAh4AaABAg
7a0e1266-25f6-45f1-92c4-33ed10620a2f,youtube,"i lost my phone 7 years ago,and now i login my gmail its empty i want back my photos,but my gmail is empty.how i get it back.",2024-09-10T10:38:40Z,,@honeybee6213,https://youtube.com/watch?v=uCniTUeIB6k&lc=UgwladzqSQmv73llaNx4AaABAg
8494f162-185b-4121-86b3-5b1faaae3aed,youtube,"I am stil missing a shit ton of photos. It's sad. It was from an airshow which my country did every 2 years I think, but that one I had photos and videos from was the last one they ever did, because of funding because it was too expensive. It was in 2018. I can literally not see any photo in that time line.",2024-09-18T20:27:11Z,,@ultimateearrapechannel31,https://youtube.com/watch?v=uCniTUeIB6k&lc=Ugw_oskjJ3MM1M1k2gl4AaABAg
71f46e6b-7b1c-4281-a9c9-c912c1f4e2ec,youtube,i still cant find my photos of 2022,2026-06-06T22:04:00Z,,@ginettedurand2124,https://youtube.com/watch?v=uCniTUeIB6k&lc=UgwBFr-4myD1fCqOAfV4AaABAg
0cf27420-884d-44a8-a175-07660a21aeae,youtube,Thank you so much It really helped I found it (photos and videos) ❤️,2023-05-21T10:04:55Z,,@aesthetic_juee,https://youtube.com/watch?v=JYl2jgvQpRc&lc=Ugwb88AudnQjcDn3fAB4AaABAg
2bc0a923-8027-4ab0-bccd-dd1ac6a3e00d,youtube,Thank you❤ so much🎉 aan mujhe first time kise ki video mere kam aai or wo bhi sahi sahi..... Thanks,2024-03-07T10:54:56Z,,@zayaankhan3003,https://youtube.com/watch?v=JYl2jgvQpRc&lc=Ugy22nixvqdJQzmyMqR4AaABAg
959dbc0c-6b1f-4227-85d9-21d6ffe3a8a7,youtube,100% working Bhai Thank you ♥️,2023-03-19T05:36:44Z,,@rude_sniper_official,https://youtube.com/watch?v=JYl2jgvQpRc&lc=UgwGSlSoDEh7cU2lT8d4AaABAg
8ac6b3ff-8ef9-46f8-8e48-57b2d25357ff,youtube,Thanks bhai 🙏 😊 ☺️ 👍 ❤️ 🙂 🙏 😊 ☺️,2023-06-11T00:28:31Z,,@sharif_._ladka,https://youtube.com/watch?v=JYl2jgvQpRc&lc=Ugw24ePZoRBo7KeJJOV4AaABAg
20db3af4-ba88-4c0a-adbc-76e19cf71519,youtube,Thank you so mach bhai ❤❤❤,2024-07-22T07:33:11Z,,@AryanRaoRao-px1mr,https://youtube.com/watch?v=JYl2jgvQpRc&lc=Ugwpzv5z7vBF9QUBU814AaABAg
6b40aaf8-a140-4a38-84b8-bf8011dffaa8,youtube,Bhai u r great thank u,2023-09-07T13:11:21Z,,@vishaltandel1221,https://youtube.com/watch?v=JYl2jgvQpRc&lc=UgwVQ3Nb6XcqY6hKH194AaABAg
ae26be41-80dc-41f5-ad30-45658dd0b99e,youtube,Thankyou so much bhai🎉❤❤😊,2024-06-10T14:02:19Z,,@sadhnayadav5383,https://youtube.com/watch?v=JYl2jgvQpRc&lc=Ugzqfh9KfgPd_jWBK_V4AaABAg
fac8b10a-5c05-4b09-80b5-cb2b1742ece4,youtube,Main apna password bhul chuki hu toh naye mobile me apne goole photo kese search karu😢😢,2024-10-13T21:25:31Z,,@fgg888ghy,https://youtube.com/watch?v=JYl2jgvQpRc&lc=Ugy1dJEDQqJSYLHg1zd4AaABAg
e7ac1b96-3942-4267-8204-500c2c4f9c5c,youtube,"Mera photos wala option nahi nikalta hai, content from google service ka arrow ko click karne ke baad bhi, toh kya kare?",2025-03-01T19:54:00Z,,@KamalKoch-x8q,https://youtube.com/watch?v=JYl2jgvQpRc&lc=Ugy5cyvXFKXHUynMLZt4AaABAg
cdf7f58d-3562-4aab-b62d-9498e2acb351,youtube,Bhai jo photo Google photos me save hai to Bina download Kiya gallery restore me kyu show ho raha hai isse off kaise kare ki gallery me na show ho,2024-09-16T12:09:45Z,,@manojkumargautam470,https://youtube.com/watch?v=JYl2jgvQpRc&lc=Ugy3vUHn-_zL_XWDNJZ4AaABAg
5151d454-7f32-4f95-bed8-ff27a2d15f3f,youtube,Hey please reply me ... Mera ye ho gya mene pta ni kya kiya ki Google photos ki sari pics apne app gallery me aane lagi or ab mein gallery se delete kar rahi to waha se bhi ho Rahi hai ... please help me🥲,2024-04-11T03:09:29Z,,@khushitiwari1829,https://youtube.com/watch?v=JYl2jgvQpRc&lc=UgwYPhP76NFA6WSqEsV4AaABAg
95bb0748-0c3a-40b7-8ae7-6c405004f099,youtube,Save photos men click karne se password email ID kya kya mang Rae he,2024-05-31T07:42:23Z,,@biranchinayak-Gayan,https://youtube.com/watch?v=JYl2jgvQpRc&lc=UgwUYGpGkQnFeNW0nhF4AaABAg
0ce316d8-dd0e-450c-9e08-81ce12654fa3,youtube,Bhaiya mere fone me app and services ka option nahi aa raha hai plz help me vivo ka fone hai,2026-05-05T15:30:01Z,,@AnjaliTrivedi-rh9pp,https://youtube.com/watch?v=JYl2jgvQpRc&lc=UgzGhbvqEqSAv-cPku94AaABAg
636cae0e-09bc-4147-bfcd-bf575b22607b,youtube,Mere me photos application nahi hai,2024-06-26T04:21:15Z,,@Anshu-wi7iv,https://youtube.com/watch?v=JYl2jgvQpRc&lc=UgzSqBAh8fLoao4CwG94AaABAg
14a112da-ca61-407e-8a73-ad8afe9b6d81,youtube,Options nahi hai bro,2023-09-08T08:13:00Z,,@Digital_creation_07,https://youtube.com/watch?v=JYl2jgvQpRc&lc=UgxlPifSkBM2K6hGtXN4AaABAg
9d803276-d62f-4c2f-8655-4e45af8fc83e,youtube,And videos kaise dekhe?????? It's urgent....... Please reply.....,2023-12-05T04:37:23Z,,@Jyoti_1111,https://youtube.com/watch?v=JYl2jgvQpRc&lc=UgyRJJEsYhxkKcgkCG54AaABAg
e7a31447-df5e-4860-aaff-da3b1b47822c,youtube,Bhai fer bhe photo nhe dekha,2024-11-03T05:31:41Z,,@lokeshkataria3507,https://youtube.com/watch?v=JYl2jgvQpRc&lc=UgwT_iJL-4CR-46eO054AaABAg
69d7810b-3ecd-44d6-ba70-c5911202db4a,youtube,Of these except that search shortcut and cropping everything is in Samsung.,2024-10-21T16:32:38Z,,@Gaming_Network_India,https://youtube.com/watch?v=V9LGHmwqx9c&lc=Ugzjy9cl2z0PKAqA_bp4AaABAg
955425e7-3c96-4eb4-9ebe-c4ed3d2988fd,youtube,Double tab search also works in Play Store,2024-10-21T22:54:06Z,,@asarkar.Med.4213,https://youtube.com/watch?v=V9LGHmwqx9c&lc=Ugxxxybizu8MFvSIc_N4AaABAg
181e15bd-3431-44f7-9650-0f79dc502e67,youtube,"Which BT Speaker is best without compromising quality, currently own Bose Soundlink Top Model (Don't remember exact model)",2024-10-20T07:45:39Z,,@anipdag,https://youtube.com/watch?v=V9LGHmwqx9c&lc=UgxNoPoJtUZj2hSo8EV4AaABAg
33dc0942-0822-4cae-91a7-1e0e4d5d48d7,youtube,Where your guitar sir,2024-10-25T12:36:17Z,,@lochan5313,https://youtube.com/watch?v=V9LGHmwqx9c&lc=Ugx_gHBtNLlpbq_Bui94AaABAg
18ae01a7-5412-4024-866a-b93692dbe550,youtube,Ok but it still cant detect and group similar faces lol even with all those ai features while iPhone does it much better offline 😂,2024-10-20T10:48:32Z,,@Kittycatty7,https://youtube.com/watch?v=V9LGHmwqx9c&lc=UgyEe9cG0KZPeyG4ZWJ4AaABAg
f3920fa1-4da2-4720-8e46-cc7efbb12ec8,youtube,"Fun fact - Ye sabhi options free nhi hai, Google charge karta hai 😂😂",2024-12-19T19:04:40Z,,@visualjatra,https://youtube.com/watch?v=6Q6Ux77MQKQ&lc=Ugzoaovk60Jlvk4ka7N4AaABAg
e9ed9f37-91dc-47e9-8f41-df32a8195655,youtube,"For those who were saying this is paid, I know that is paid. The blur is isn’t paid and but just use the magic editor in the bottom left corner. It’s free and better.",2025-01-13T12:06:26Z,,@pansrana,https://youtube.com/watch?v=6Q6Ux77MQKQ&lc=Ugzl9DYlp2ssAWO3zuB4AaABAg
5fe4ca5b-7cee-4dcd-8a36-59a6d1eb83dd,youtube,Mere m to tools ka option hai hi ni😂,2024-12-10T07:06:27Z,,@nirmaladas3922,https://youtube.com/watch?v=6Q6Ux77MQKQ&lc=Ugzp9Ph_Kdo6oV4oC-h4AaABAg
8d9cba1e-a882-453f-8c09-14665e8d92a2,youtube,Etane yo kere mobile me all ready features hai 😂,2025-02-23T14:14:06Z,,@SMokal-yi5fc,https://youtube.com/watch?v=6Q6Ux77MQKQ&lc=UgwSNzB_7Dy79lXejxZ4AaABAg
c185f80d-621e-47c3-bc17-1cc390088b45,youtube,Create ka option nhi hai,2024-12-08T12:33:42Z,,@antivirusff330,https://youtube.com/watch?v=6Q6Ux77MQKQ&lc=Ugwy2bsHVsFMP9aRtOl4AaABAg
2712e6d0-57f7-4023-a31c-d93b9e94bcdf,youtube,Lekin mere Google gallery me toj ye option hi nahi hai 😢,2024-12-07T08:36:41Z,,@SaraTamboli-d3x,https://youtube.com/watch?v=6Q6Ux77MQKQ&lc=UgxHa2Ib8VNqRJZXHPR4AaABAg
dcf45acd-3c50-484c-8fe4-8f5b782be498,youtube,Ye sirf Paid version me hai😂,2024-12-13T12:04:33Z,,@biswajitbarik9386,https://youtube.com/watch?v=6Q6Ux77MQKQ&lc=UgykdVjE1_3j1AIyxm94AaABAg
f2d169ab-3883-4877-bfb4-3cc307d6ae5c,youtube,Mere google photo me create ka option nhi hai 😢,2024-12-07T12:25:05Z,,@Bineta-r2g,https://youtube.com/watch?v=6Q6Ux77MQKQ&lc=UgwTJhiS1HJoFl-KlJV4AaABAg
07f16c56-6940-4710-8307-16f8ea66bdc4,youtube,Creat wala option hi nhi hai,2024-12-22T14:27:02Z,,@ѕяѕѕинят,https://youtube.com/watch?v=6Q6Ux77MQKQ&lc=UgxfmHSRGJEkcyMylKl4AaABAg
6afbe418-b0b7-4361-92af-48ab55c7cb68,youtube,Google photos updated h par mujhe na create tool dikh rha hai na kuch 😢😢 blurr wala b kaam nhi krra .. na cinematic option h,2024-12-09T22:53:16Z,,@1_______SS__26,https://youtube.com/watch?v=6Q6Ux77MQKQ&lc=UgxBuJBZWJlkOke4iuF4AaABAg
a2504e34-6ce3-4daa-8ebf-f0dd95b8dd54,youtube,What I found Google photos most useful for is to search photos based on text,2025-01-24T18:13:20Z,,@arslanhashmi45,https://youtube.com/watch?v=6Q6Ux77MQKQ&lc=UgwtfNaEg6cXEjNY9dt4AaABAg
5dd7f593-9bc9-4abe-94b0-8d734146c1de,youtube,Mere phone me to ye app hai magar mujhe vo option nahi hai 😢😅,2025-01-09T12:44:13Z,,@Shinchans_universe,https://youtube.com/watch?v=6Q6Ux77MQKQ&lc=UgyhiBFx0lHCHul__R54AaABAg
fe21c387-b926-4cae-89a6-b339409576cc,youtube,Mere pasto tools ka or create ka option bhi nahi hai update ke bad bhi,2024-12-09T07:06:09Z,,@masterkirito007,https://youtube.com/watch?v=6Q6Ux77MQKQ&lc=UgxcET71ZADmzGfHcAd4AaABAg
74d05699-9e7e-486a-aa15-5a1ae4c07870,youtube,Edit karne se quality low ho jaati hai😢,2025-01-22T04:23:05Z,,@gogasarkar698,https://youtube.com/watch?v=6Q6Ux77MQKQ&lc=UgxuCa3BMy6nU5nbwbN4AaABAg
74722c51-4745-4a96-a038-bc748dfae6ba,youtube,Bonus tricks: kisi bhi photo ki text chaiye toh us photo ko long press karke then niche se copy text kar saktte ho,2025-01-19T19:29:07Z,,@TuruLoveGamer,https://youtube.com/watch?v=6Q6Ux77MQKQ&lc=Ugx85SovIIW9VynC63R4AaABAg
a69ef999-3117-4436-a5ec-500aa95f2cc8,youtube,Mere app me tools option hi nahi hai,2024-12-29T11:44:28Z,,@talkingwithtom2,https://youtube.com/watch?v=6Q6Ux77MQKQ&lc=UgzLUvSRWWgg6_xKsdp4AaABAg
2e15cd78-836d-428a-ac3d-fccbbf37e320,youtube,Note: Google one subscription lene ke baad ye sab features active.hote hain.,2024-12-11T16:46:05Z,,@Insomniac_ankit,https://youtube.com/watch?v=6Q6Ux77MQKQ&lc=Ugw-myEUqwNwB8jR5sZ4AaABAg
3ef66b43-b762-4b93-bc89-4130c0e9b91e,youtube,Magic eraser se log gayab ho gaye....but parchhai reh gayi😂😂😂,2024-12-22T13:58:07Z,,@toonpoor121,https://youtube.com/watch?v=6Q6Ux77MQKQ&lc=Ugyb91X3K03idIyY8hF4AaABAg
a4cde71c-09c1-4390-ad6b-6e2b9df946b2,youtube,I couldn't stop but noticed that she doesn't have nail extensions only in the middle finger of both the hands.,2025-04-12T20:32:50Z,,@pragnadoesnothing,https://youtube.com/watch?v=6Q6Ux77MQKQ&lc=Ugx3m8r5ZFzQyaN92JR4AaABAg
f44a1bbd-43d9-4ec4-9d36-142c80e251d4,youtube,Fun fact ye sare features available to hai lekin ek bhi feature dhang se kam nahi karta😂😂😂,2024-12-20T20:32:11Z,,@rajeshingole2966,https://youtube.com/watch?v=6Q6Ux77MQKQ&lc=UgywyLO42EY7ETKyHGZ4AaABAg
ae9a8ec3-5a83-4e32-9073-24fa720e902d,youtube,Phele se pata hai but still thank you 😊,2025-02-06T15:21:21Z,,@RADHAKRISHNA-kp3to,https://youtube.com/watch?v=6Q6Ux77MQKQ&lc=UgwQYO929xeDsRBfsjt4AaABAg
b3ef2caf-5656-4075-950f-8d7eb9c7ceba,youtube,People watching this from pixel phone...😮,2025-03-06T03:42:52Z,,@dziesekholierupreo8089,https://youtube.com/watch?v=6Q6Ux77MQKQ&lc=Ugwmx-A0xAKUGiAB4Wt4AaABAg
5f44bab9-e191-45c8-b579-32c0063ea89c,youtube,These options are available only on pixel phones is what I believe.,2025-01-22T05:10:43Z,,@royale_wav,https://youtube.com/watch?v=6Q6Ux77MQKQ&lc=Ugx0XSKQEnRzYHv6lSB4AaABAg
9cc18939-20dc-4b43-9434-b1b55ea93331,youtube,Realme narzo 70pro walo kaa last feature already hai gallery mai❤,2024-12-13T18:27:53Z,,@creativeXthings_21,https://youtube.com/watch?v=6Q6Ux77MQKQ&lc=UgwC8ufPKo96EU4zfTp4AaABAg
6085f954-49f8-46c9-998e-8c66f106dcb6,youtube,I have Google pixel 9 pro and iss phone mein kafi behtar hota hai use,2024-12-10T10:45:53Z,,@frontsee6524,https://youtube.com/watch?v=6Q6Ux77MQKQ&lc=Ugx96f2ejOeck-kLtOJ4AaABAg
f94aa0b7-af50-423d-bdd6-03266fac7fb2,youtube,Thankyou universe meri or mere patner ki shadi nov 2025 m ho chuki hai thankyou universe,2025-03-24T14:51:24Z,,@priyasingh-ij2sk,https://youtube.com/watch?v=6Q6Ux77MQKQ&lc=UgxDvuCgetjFn3-efDV4AaABAg
9db8ca90-8c4d-430b-988e-097bf7db69a2,youtube,Apki photos bohot atcha hai ❤,2024-12-13T15:59:23Z,,@hemantadas6493,https://youtube.com/watch?v=6Q6Ux77MQKQ&lc=UgyAuUcZaVNTbFGy_4t4AaABAg
b5d29a7f-3973-4b38-8015-1171e9bca376,youtube,"If in our phone there are more than one email how can we remove all remaining emails at Google photos just keeping one I have tried but email was permanently delete from device, could you please make a vedio or short regarding this, thank you so much di",2025-01-30T18:05:08Z,,@Sid-f7v,https://youtube.com/watch?v=6Q6Ux77MQKQ&lc=UgyTKJWEn0nv9l_iY1d4AaABAg
1cfe316b-2d5a-496b-8858-61ad47da0422,youtube,Jisko create option nhi dikh rha 😂..... Wo bhi free hi hai,2025-02-09T18:41:47Z,,@Mr_criminal7,https://youtube.com/watch?v=6Q6Ux77MQKQ&lc=Ugyd6N3q8ZrcNsBsa6Z4AaABAg
6f5c8990-db72-4194-b118-c9b17c35a559,youtube,Bhaiya setting k option pe sharing pe click kiya toh koe add ni tha but phir bhi mujhe unknown kisse ka photo show kr rha tha notification me Google photos k toh maini leave kr diya .... Plz rply kre uska unknown ka account connect toh ni h mere se ya vo mere photo toh ni dekh rhe ?,2026-07-04T07:21:13Z,,@fairylights-r7e,https://youtube.com/watch?v=7s9_OcBLJrM&lc=UgxYEFcnNpNVX_hzUd14AaABAg
19c466ae-19c4-4c20-b4ec-9e20860ba060,youtube,"I've about 20,000 photos all from the last like 15 years and Google Photos only did used the most recent 100 or 200 photos. And there doesn't seem to be any way of forcing it to scan all photos or manually tag photos.",2025-10-18T19:39:50Z,,@peterl9022,https://youtube.com/watch?v=a1BjCWyU7aM&lc=UgzQoyBw2hrwTvamCdl4AaABAg
04bfd4c3-7650-4306-8399-ceb4d02af8a8,youtube,"The curious thing about this feature, and searching for information on this feature, is all the information is about turning it on and off, and what it does in a more general sense. However I find no information on how/where I am seeing photos grouped by face!",2023-10-07T12:19:57Z,,@garthera7819,https://youtube.com/watch?v=a1BjCWyU7aM&lc=UgxXcHhDWEEF6nLna3l4AaABAg
47d09216-b2e8-4afd-89ef-ce69813974ba,youtube,Google photos teams up both my sons under one face.. it is not able to differentiate between the two faces.. how do I rectify this?,2024-06-22T15:16:00Z,,@dr.akshatagaitonde799,https://youtube.com/watch?v=a1BjCWyU7aM&lc=UgxJGDzERO5igtfSIud4AaABAg
493d5bd0-8d1a-474f-b1ed-03692b23e4a7,youtube,"But I wish there is an option that allow grouping only specific people not random people. I use the ""hide"" but it seems it keep detect other random people.",2023-09-23T04:24:10Z,,@dmk-iknowishare,https://youtube.com/watch?v=a1BjCWyU7aM&lc=Ugwdke2GBN0A2R9pw2Z4AaABAg
82c41dd2-1bab-4233-bfcc-32379633b1db,youtube,"Thank you, I was able to overcome it, and now I'm waiting for the photos to be grouped.",2025-03-12T09:44:29Z,,@3rror_.clouwy,https://youtube.com/watch?v=a1BjCWyU7aM&lc=UgwnoHoEeA0G1ImoiTh4AaABAg
7365904a-14af-4b71-9cdd-cc89b92be666,youtube,"I had it working, and after I saw it doesnt create albums of new people, I tried to turn it off and right back on. Now I don't have any albums. Can't even choose no face as ""Me"" (It won't show any options)",2023-08-01T16:48:24Z,,@amiteilat6665,https://youtube.com/watch?v=a1BjCWyU7aM&lc=Ugz9NH1UOpqAmf1qa5t4AaABAg
e50f4904-695f-43d3-86b0-98ebbabf4cd0,youtube,"Last week it had each individual face in a circle at the top of Google Photos, and their names were written under each photo, but now all those circles with their individual faces disappeared, and instead, people are bunched into groups, how do I get it back to the way it was individually? Thanks.",2024-08-22T02:11:43Z,,@SuzetteBuhr,https://youtube.com/watch?v=a1BjCWyU7aM&lc=Ugxg3Ub1bziPee8h81N4AaABAg
dd294d6d-b75d-4080-b927-9a7dc2c69ff2,youtube,"Opps you left out a step for my program. From Photo Settings, I had to next click on Preferences, then group faces.",2024-03-17T06:11:47Z,,@LindaLeeMARTIN,https://youtube.com/watch?v=a1BjCWyU7aM&lc=UgzfT1xloTSTLu__9dR4AaABAg
e04eef87-c766-4a57-89ef-e248ffaeefba,youtube,I have this turned on but it is not grouping faces,2025-01-14T16:53:47Z,,@lizx1823,https://youtube.com/watch?v=a1BjCWyU7aM&lc=UgwWPNVF6xYrot8E8ex4AaABAg
952f828a-5fb4-40bd-b057-30c463d60eaa,youtube,"I use this suggestions, But previous all thumbnails are deleted.",2025-05-11T11:04:36Z,,@msaleem70,https://youtube.com/watch?v=a1BjCWyU7aM&lc=Ugz9kys9j9JKOilay4x4AaABAg
5b6d63f9-4613-47bf-86a4-cc8abcd1a577,youtube,Not working even waiting for days,2023-09-10T09:20:28Z,,@Base-u9w,https://youtube.com/watch?v=a1BjCWyU7aM&lc=UgxcxTjkCBeFNjZDIuZ4AaABAg
9cb52dac-3216-486d-9c85-145a74e37904,youtube,"Despite the fact that this didn't help me in the end with my issue, it is a great video and informative nonetheless! Thank you! Frustrating on my end though.... My Face Grouping is ""on"" but....the screen to do it looks nothing like yours nor does it let me add a name to a face it's randomly added. And, it's nearly impossible to find the People & Pets thing/face grouping via Google Photos or Gallery. I have a Samsung S24Ultra.",2026-03-09T03:44:42Z,,@ellezee4017,https://youtube.com/watch?v=a1BjCWyU7aM&lc=UgyyzVn41LL10T7vCBl4AaABAg
7bcf85fa-2d47-4f23-91eb-fd657b03bbbc,youtube,"Adding a new person to the Google Photos recognition seems a tedious and buggy process. The intuitive design of the feature doesn't quite work the way the (+) plus sign suggests, which is why I found this video, but none of the content really addresses this bizarre interface.",2024-07-03T20:55:38Z,,@mauricegoz,https://youtube.com/watch?v=a1BjCWyU7aM&lc=UgySHdNvQiED5-1Hfnh4AaABAg
448e72d7-8509-4e57-b813-b537e86572e4,youtube,Missing step. Settings > PREFERENCES > Face Grouping,2024-03-17T06:18:21Z,,@LindaLeeMARTIN,https://youtube.com/watch?v=a1BjCWyU7aM&lc=UgyNbHoQlwKWmQV0mpN4AaABAg
19bfba02-75c4-449f-aa5b-a51b03013296,youtube,How do I go back to my deleted stuff so I can see the first picture of my old house it’s not November it’s actually May because AI says it’s Google Maps sees my old house in May and then later on is deleting in 2019 teach me how,2026-09-05T23:11:40Z,,@Hermosillo5333,https://youtube.com/watch?v=ROKj_-hKtdU&lc=UgwUprc4MxTsbN-ArrF4AaABAg
a45ab158-c05e-4f1d-843c-02bf2e6f32ec,youtube,"Turn on your camera then go to your camera app settings then find ""Location tags"" just turn it off. It works in all samsung phones..",2024-09-04T13:28:40Z,,@shirishb24,https://youtube.com/watch?v=NxQs6aiuEo4&lc=UgxhfPOWEo3er6ErUVl4AaABAg
c67a1b35-b964-49de-a5a2-1619ec6b0af1,youtube,Phle to location nhi dikh rhi thi use band kaise kru,2024-01-31T15:15:58Z,,@anuragkumar4660,https://youtube.com/watch?v=NxQs6aiuEo4&lc=UgxLLhkGdBcXVf2CQVR4AaABAg
ae42095a-eaf0-4dd1-a608-6d01129daec3,youtube,Please can you explain it in English I don't understand Hindi,2024-08-08T13:48:08Z,,@Imane-t8f,https://youtube.com/watch?v=NxQs6aiuEo4&lc=UgwYfbNL-lSaFH01J_V4AaABAg
2ec05f1e-ef91-46bf-9e41-61fb3bfd9704,youtube,Is other people can see my photos also?,2024-05-27T18:26:03Z,,@shinz5372,https://youtube.com/watch?v=Pc-8wSNZZag&lc=Ugw0rDbYFyaj14m0kZB4AaABAg
e73e6132-cdd4-4727-91b2-ac199f50e8f6,youtube,I dont understand why iphone doesn’t make it accessible on safari wich is their main browswer,2023-06-08T09:25:51Z,,@orestqystri3507,https://youtube.com/watch?v=lkVlcjeusjA&lc=Ugz1ZY8l2dN94D1KdaR4AaABAg
48b0f458-beae-49f4-b30f-8a1dc1600101,youtube,"This didn’t work for me. I have IOS 17.2.1. When I drug the photo up to the search area on the Google app, the + sign never appeared. Any suggestions?",2023-12-23T00:42:06Z,,@Kimmer4444,https://youtube.com/watch?v=lkVlcjeusjA&lc=Ugx8VJGDuCTV2AbppMt4AaABAg
1ecbde31-0a5d-416b-afda-64da344e11eb,youtube,"Why can't I just circle the image to search, like you can on Samsung?",2025-03-23T00:06:03Z,,@Yme-br0,https://youtube.com/watch?v=lkVlcjeusjA&lc=Ugw_pFpZETe9OeV3PuF4AaABAg
a97effab-8eb0-4381-b9b3-2ec423932030,youtube,Where did you find those,2025-11-21T01:40:58Z,,@ScarletRush-r8j,https://youtube.com/watch?v=lkVlcjeusjA&lc=Ugwe63SLLWJdr1tqBox4AaABAg
46760e3e-f2be-41e8-a3d0-7bbcc359d2d7,youtube,no extra app on samsung S24+ (and others I'm sure.) have a similar feature. as long as the image is on the screen press and hold the home button. the screen will change color. Just circle the item in the images and the AI will do a Google search.,2024-09-04T12:38:12Z,,@jyesucevitz,https://youtube.com/watch?v=lkVlcjeusjA&lc=UgzA1TZaxIIp2sM-UoF4AaABAg
19d49112-e608-46ea-9d28-4402929c01a9,youtube,"Or, install the Google app > tap share button in the photos app > add “search with Google lens“",2024-07-14T05:00:15Z,,@GamesMaester,https://youtube.com/watch?v=lkVlcjeusjA&lc=Ugx4AHVXebWK9oQU8Zd4AaABAg
c7827704-08c5-4eb3-9319-72651da6b2c4,youtube,Ok I tried this and nothing happen I waiting to see the little plus sign but nothing is there another way,2025-05-26T18:46:09Z,,@Purplelace777,https://youtube.com/watch?v=lkVlcjeusjA&lc=Ugx9aJiTQnGrpbjaXwx4AaABAg
fb42a991-02d5-4a9a-907e-96d90ead5ae1,youtube,"You could also go to the Google lens search and attach the photo instead of dragging it, and all that",2024-12-09T00:12:10Z,,@PaulaRamos-kw3gd,https://youtube.com/watch?v=lkVlcjeusjA&lc=Ugzyns0YDbKpejyvsZR4AaABAg
978607ba-7b2f-4807-aed9-4d69bfcbf440,youtube,where is elleighs makeup bag from?,2025-03-01T15:37:33Z,,@TessaKathryn,https://youtube.com/watch?v=lkVlcjeusjA&lc=UgzFtNsSMIZh1hTBn6N4AaABAg
c1e37de7-c42c-43a7-b306-1879c3b4b0f4,youtube,"Thanks, I haven't seen this anywhere.",2024-11-16T16:31:20Z,,@zeljko422,https://youtube.com/watch?v=lkVlcjeusjA&lc=UgwFKKMg1yIgXCp6BjF4AaABAg
8ee7685f-60ad-4635-982d-fb391ba12a6a,youtube,It helped me a lot My girlfriend on test sent me what she looks like. And I wanted to make sure that’s really what she looks like and it’s not what she looks like thank you bro,2023-07-17T00:57:29Z,,@Mr9andLuke,https://youtube.com/watch?v=lkVlcjeusjA&lc=UgzWtUqmtFnfgaNCcTJ4AaABAg
feef440b-bb5b-4ec5-8d44-61ea25699a7f,youtube,You don't even have to do that just copy the image even if it's on your phone or not and paste it into the Google lens search bar,2026-03-24T19:48:27Z,,@qbnmusica,https://youtube.com/watch?v=lkVlcjeusjA&lc=Ugx9IjtYXxT-JvMY_wB4AaABAg
9d7e6975-65be-4c98-85d0-faba8e9ac328,youtube,My ESSA as been mistaken for a fox many times but it’s actually a New Guinea singing dog and they have a red tint and kinda do look like foxes irl,2026-01-08T01:56:47Z,,@CrazzzyTiger,https://youtube.com/watch?v=lkVlcjeusjA&lc=UgwksjqenJXPTpNbhBB4AaABAg
f05e8cb9-baa9-4ac3-a8d8-fee89b12e6da,youtube,Im still awaiting foe image search in ios😂😂😂,2026-02-12T15:28:48Z,,@ammper-oni,https://youtube.com/watch?v=lkVlcjeusjA&lc=UgzIo61F6Rk9s6tcmM14AaABAg
a4cdee23-03eb-4171-b438-03ec03d1dc3f,youtube,Yeah but that doesn’t work cause the images that I put on google always just says can’t find this website or it’s nowhere to be found,2026-04-21T22:41:48Z,,@JAguilar0911,https://youtube.com/watch?v=lkVlcjeusjA&lc=Ugy5J-qfnG4O2p2rTe54AaABAg
8f481486-134a-44d4-8b04-bdc0de46c7ba,youtube,Bhai deleted videos ke liye bhi bata do please Your video helped me a lot Thanks,2026-01-19T05:05:51Z,,@SangeetaSharma-Haryana,https://youtube.com/watch?v=opj6yNDLhmc&lc=UgwE3ixWOBf9GzwF9fl4AaABAg
65df8e44-fe74-4316-aac1-4d0e10c0f59a,youtube,"Gjbb, really helped finding me my photos i deleted long time ago 😊",2025-06-20T15:10:52Z,,@magneto_gaming,https://youtube.com/watch?v=opj6yNDLhmc&lc=UgxF2dN1XZVcCG7_X994AaABAg
6e6a6394-cb3f-4ba9-a9fa-d8e376c4781d,youtube,Isme koi photo click karte hai to vo apne app upload ho jata hai kya google par please reply,2026-08-09T17:31:38Z,,@smoker123-f7,https://youtube.com/watch?v=opj6yNDLhmc&lc=UgzPMke5jQQHSWXsYR14AaABAg
eb989f91-15d5-481e-a932-c7d586e135c2,youtube,Google archive se delete photos kaise wapas laye.,2026-05-17T13:16:15Z,,@ahedkhan4812,https://youtube.com/watch?v=opj6yNDLhmc&lc=UgwagVnyi-BycAXMnSZ4AaABAg
cc3a9452-fed3-4886-afb8-8dcaaa50b8ca,youtube,Bhaiya please help kardo maine ase check kiya per college aare hai saare mere google photos mai se bin mai se kisi ne photo delete kardiye hai mere ko vo photo chaiye koi solution btao please,2026-09-01T05:42:58Z,,@priyankapal1443,https://youtube.com/watch?v=opj6yNDLhmc&lc=UgzaNCukp8jCxUNDFBV4AaABAg
20b47422-07e5-4f63-a055-a36aabb62f4f,youtube,didn't find unsaved creation option! ??,2026-04-09T15:59:05Z,,@UmmEAmmarahAsim-n3y,https://youtube.com/watch?v=opj6yNDLhmc&lc=UgybWI86N0wnkR1GPT14AaABAg
7100c4ca-8c19-4606-99c3-0a7999679fd7,youtube,Deleted vedio kaise laye bhai pruf the mere pas agar vo nhi mile to mare jayege bhai vedio bta do kaise laye deleted pls aapka bht bht dhanywad hoga 😢,2026-03-25T17:38:52Z,,@Nehamalik00,https://youtube.com/watch?v=opj6yNDLhmc&lc=Ugx9WZAns-qrGRuo0Bt4AaABAg
d8e805d8-9280-47c0-bcaa-7e84dae09748,youtube,6 months ago deleted photo show nh krra hai,2026-05-17T11:38:57Z,,@ARshaikh-vf1jw,https://youtube.com/watch?v=opj6yNDLhmc&lc=UgyqYNNIfyfg5RGC9wV4AaABAg
16042a62-ddcd-42a8-8ef7-cf713d37bed1,youtube,Bhaiya Google photos per photos ka backup dhone ke bavjud bhi gallery se photo delete karne per Google photo se delete ho rahi hai pahle Aisa nahin hota tha,2026-06-23T16:09:15Z,,@priyankapal1443,https://youtube.com/watch?v=opj6yNDLhmc&lc=UgxbMWYKv2pWEpwj2ot4AaABAg
bf962ab2-73ae-42ed-913a-b9581d25aee6,youtube,Agar hamara Google account hi delete ho gaya ho uske sath sath sabhi photos aur video drive ki delete ho gai hun tumhen kaise wapas Karen drive ki photo wapas kaise laen,2026-02-17T12:29:41Z,,@ReenaTiwari-s1v,https://youtube.com/watch?v=opj6yNDLhmc&lc=UgzJaEz9spciz2Ltaj94AaABAg
97f7b09e-9999-42ea-b098-7e013f5d820a,youtube,Are bhai mere settings ka option hi nhi a raha h😮,2026-04-10T20:43:17Z,,@mahirverma9379,https://youtube.com/watch?v=opj6yNDLhmc&lc=Ugy5YtXT1jnj3PlxgbZ4AaABAg
80bcbd7c-936e-41e0-b33f-0bbe5b137eb4,youtube,Nai aye mere to,2026-02-20T08:21:49Z,,@NeelamRani-wi5hf,https://youtube.com/watch?v=opj6yNDLhmc&lc=UgzywO09mlz56pY_gkN4AaABAg
9ef56ed4-e468-4db0-a665-c82e12ad136a,youtube,My mobile restore hogay or photo bi nay a Raha hai,2026-06-13T05:36:34Z,,@RahulDamor-x8d,https://youtube.com/watch?v=opj6yNDLhmc&lc=Ugw61Nk_u9-yWyQhK3J4AaABAg
9d236fff-ead3-44c0-94ca-562d179750cf,youtube,Sare deleted photos ki recovery nhi hoti But jo photos aapne pahle upload kar rakhe the or baad me kisi reason se aapne delete kar diye ya Galti se bin me se delete ho jate hai to Delete karne se pahle agar un photos ka collection college ya colour pop ya auto creation me add ho jate hai Or hme Google photos dvara suggest kiye jate hi Jinme kuch college ko ham save kar lete hai kuchh ko nhi karte hai . To jo college ya cinematic photo or video hamne save nhi kiye the vo yha history ke roop me save rahte hai Aap college ke 3 dots pe click karke unko permanently delete bhi kar sakte ho,2026-02-01T03:59:28Z,,@JAYSREERAMJayBAJRANGBALI,https://youtube.com/watch?v=opj6yNDLhmc&lc=UgyR5to5MJReePafF9R4AaABAg
a56fe379-0ec8-4a0b-b7c8-836b47320c19,youtube,Why follow Mat Karna fek video hai yah sab,2025-11-04T12:57:40Z,,@rajeshr8830,https://youtube.com/watch?v=opj6yNDLhmc&lc=UgzDoJl5iqjVY576gD54AaABAg
9c753824-fe43-42a3-9d46-339238825ff0,youtube,No unshaved photos likhta hai,2026-07-20T07:05:07Z,,@DipikaKumari-e5w,https://youtube.com/watch?v=opj6yNDLhmc&lc=UgytxQVWLvcxlg8F27h4AaABAg
38fe0c1b-ddaf-4c4d-9f91-46adced3b2b0,youtube,Bhai nehi milraha hen bohot dhunda leken ek screenshot or kuch picture nehi mila…,2026-05-12T06:07:05Z,,@Insomniaa24,https://youtube.com/watch?v=opj6yNDLhmc&lc=UgzaMUZ2rzWBWQd8YY54AaABAg
f63e2c47-e7a4-45a6-a42a-cc5281353f6c,youtube,thank a lot. Main yehi cheez kuch din se dhund raha tha😁🤣,2021-07-19T16:00:37Z,,@siddharthashome3890,https://youtube.com/watch?v=uAb2YToB7kg&lc=Ugx1zPbvCOwojpz0nRZ4AaABAg
4008ca7b-53ee-4790-a4d3-ada7f36f64a0,youtube,Me using this for searching porn videos from meme images 🤣🤣🤣3️⃣👍,2022-08-13T18:34:18Z,,@bhushan797,https://youtube.com/watch?v=uAb2YToB7kg&lc=Ugyid0x8YC5Q1V5Sg2t4AaABAg
811e1462-4152-459e-93e5-ca432cd9e3db,youtube,Aise me toh jobhi log social media me jya active rehti hai wahi log dikhte hai mujhe aise vdo chahiye jo log mobile social media me active nhi rehte woh log bhi dikhne wala,2022-03-29T16:22:00Z,,@rgtbfdhhjh,https://youtube.com/watch?v=uAb2YToB7kg&lc=Ugx-L-PPWEAwICkm01V4AaABAg
473f350f-e656-456e-8cb8-d1d655ff3993,youtube,Mostly it works only on images not related to face of human being.,2025-04-13T06:16:24Z,,@abhiabhi3326,https://youtube.com/watch?v=uAb2YToB7kg&lc=UgxYWrxGrDIOGVIkTuZ4AaABAg
33620217-4750-44a4-bc4e-6095464f731e,youtube,Famous logo ki hei information nikalta hei normal people ki nahi,2026-08-07T04:26:36Z,,@ShivKumar-pk7lz,https://youtube.com/watch?v=uAb2YToB7kg&lc=UgwkOwg7v2REHoyfezp4AaABAg
a77b177c-e48c-4047-8bb4-96b38cb8dd78,youtube,If you saved photo from Facebook and upload in search engine they don't give you information,2025-07-07T14:22:26Z,,@ThomasTamang-rl8sx,https://youtube.com/watch?v=uAb2YToB7kg&lc=UgyBwyYdB-VbZa1rx-l4AaABAg
05e93b91-20ac-492e-9f8e-f80aa267b6bc,reddit,I made a script to find Google Photos that are consuming storage and automatically add them to an album,2026-09-26T03:03:49.676Z,,theblood,https://www.reddit.com/r/googlephotos/comments/1wqflmc/i_made_a_script_to_find_google_photos_that_are/
715134f9-7a61-4131-bfff-98219b6c95e0,reddit,Having trouble selecting certain albums to upload to Google Photos on Galaxy S25 Ultra,2026-09-26T08:45:50.663Z,,LasVegasBoy,https://www.reddit.com/r/googlephotos/comments/1wqljb3/having_trouble_selecting_certain_albums_to_upload/
60910402-d6dd-4be4-9733-95ae57d503b1,reddit,"I made a free, open source extension that deletes your whole Google Photos library in bulk (no daily limit)",2026-09-25T22:19:18.047Z,,Kingsizenerd,https://www.reddit.com/r/googlephotos/comments/1wq9nze/i_made_a_free_open_source_extension_that_deletes/
a7a64055-f5fd-4dea-b2e7-0f4bf7bc1c93,reddit,Google isn't Being Fair,2026-09-25T03:54:57.097Z,,Reasonable_Sir122,https://www.reddit.com/r/googlephotos/comments/1wpmb9j/google_isnt_being_fair/
3d28ba62-6d75-4fb3-8c1e-686d8be45740,reddit,Survey : Google Photos search,2026-09-23T03:46:50.000Z,,Effective-Echo5643,https://www.reddit.com/r/googlephotos/comments/1wnv63e/survey_google_photos_search/
9a5e187f-5b9d-40b2-9fb1-1d93351de29e,reddit,Wait time for iCloud to Google Photos backup,2026-09-22T22:01:22.000Z,,valypse,https://www.reddit.com/r/googlephotos/comments/1wnnfl6/wait_time_for_icloud_to_google_photos_backup/
7ff42a63-a601-4d64-8030-88e6e4233d81,reddit,Google Takeout Fix Tool - Repair Your Takeout Data,2026-09-22T11:47:02.000Z,,sherwinrienzo16,https://www.reddit.com/r/googlephotos/comments/1wn78ux/google_takeout_fix_tool_repair_your_takeout_data/
d394e1f3-c151-413f-85ea-1bb9c16587a0,reddit,"Whenever I take a photo and try to edit it right away, I get an error message when I try to upload it anywhere.",2026-09-22T00:03:15.000Z,,doomx24,https://www.reddit.com/r/googlephotos/comments/1wmtv2e/whenever_i_take_a_photo_and_try_to_edit_it_right/
b609f228-5a84-408d-b4c3-805609691dd3,reddit,How does Google Photos still back up photos even I have used 15/15 GB and never got more storage given/where are those photos put in/out of the app?,2026-09-19T23:43:13.000Z,,BulkorCutAccount2021,https://www.reddit.com/r/googlephotos/comments/1wl19b1/how_does_google_photos_still_back_up_photos_even/
b9483be0-e227-4ada-a0ac-c3b7b05170e1,reddit,Photos backing up to two google accounts/gmails,2026-09-19T14:30:14.000Z,,swanshinobi,https://www.reddit.com/r/googlephotos/comments/1wknqfu/photos_backing_up_to_two_google_accountsgmails/
11f60fb6-f2c9-423c-b034-f710fe31f5c5,reddit,Search function only shows very few photos,2026-09-19T08:58:14.000Z,,Fancy_Reporter_2713,https://www.reddit.com/r/googlephotos/comments/1wkh4be/search_function_only_shows_very_few_photos/
b656fd1f-19d2-4779-8b09-64f0fad09bd9,reddit,Search by file extension possible?,2026-09-18T10:38:44.000Z,,Important_Wasabi_245,https://www.reddit.com/r/googlephotos/comments/1wjmnzm/search_by_file_extension_possible/
a7fcefc3-6fe3-4c65-bef7-a34f16c40670,reddit,iPhone 16 Pro HDR photos look extremely washed out when casting from Google Photos. Applying an edit like “Enhance” in Google Photos fixes it. Has anyone found a real solution?,2026-09-17T03:33:25.000Z,,NeuralBlitz,https://www.reddit.com/r/googlephotos/comments/1wiirum/iphone_16_pro_hdr_photos_look_extremely_washed/
06a4f180-2b62-4272-af77-ddf0d0a1b6f8,reddit,How to find all photos that are NOT in albums?,2026-09-16T17:52:41.000Z,,Palm_Olive,https://www.reddit.com/r/googlephotos/comments/1wi4hg2/how_to_find_all_photos_that_are_not_in_albums/
3b39ffd7-32e8-4b35-b420-4813f9e74bf0,reddit,How do I copy only certain photos on my iPhone camera roll to Google Photos?,2026-09-16T01:59:22.000Z,,Prior_Masterpiece_89,https://www.reddit.com/r/googlephotos/comments/1whjw30/how_do_i_copy_only_certain_photos_on_my_iphone/
